course_id,student_id
FIS,BA008-24
FIS,BA022-24
FIS,BA026-24
FIS,BA030-24
FIS,BA039-24
FIS,IPM021-21
FIS,IPM043-21
FIS,IPM048-21
FIS,IPM060-21
FIS,IPM071-21
FIS,IPM073-21
FIS,IPM076-21
FIS,IPM079-21
FIS,IPM093-21
FIS,IPM105-21
FIS,IPM112-21
FIS,IPM122-21
FIS,M002-24
FIS,M013-24
FIS,M020-24
FIS,M024-24
FIS,M029-24
FIS,M030-24
FIS,M037-24
FIS,M040-24
FIS,M056-24
FIS,M064-24
FIS,M065-24
FIS,M079-24
FIS,M083-24
FIS,M085-24
FIS,M090-24
FIS,M104-24
FIS,M106-24
FIS,M108-24
FIS,M113-24
FIS,M115-24
FIS,M135-24
FIS,M152-24
FIS,M171-23
FIS,M172-24
FIS,M173-24
FIS,M175-24
FIS,M185-24
FIS,M199-24
FIS,M218-24
FIS,M222-24
FIS,M225-24
FIS,M226-24
FIS,M227-24
FIS,M235-24
FIS,M237-24
FIS,M239-24
FIS,M245-24
FIS,M250-24
FIS,M268-24
FIS,BA003-24
FIS,BA018-24
FIS,BA024-24
FIS,BA028-24
FIS,BA031-24
FIS,BA040-24
FIS,BA043-24
FIS,IPM018-21
FIS,IPM029-21
FIS,IPM033-21
FIS,IPM054-21
FIS,IPM072-21
FIS,IPM077-21
FIS,IPM085-21
FIS,IPM087-21
FIS,IPM114-21
FIS,IPM115-21
FIS,M007-24
FIS,M017-24
FIS,M025-24
FIS,M032-24
FIS,M036-24
FIS,M039-24
FIS,M047-24
FIS,M052-24
FIS,M053-24
FIS,M060-24
FIS,M072-24
FIS,M074-24
FIS,M077-24
FIS,M102-24
FIS,M120-24
FIS,M131-24
FIS,M138-24
FIS,M140-24
FIS,M161-24
FIS,M162-24
FIS,M164-24
FIS,M174-24
FIS,M188-24
FIS,M189-24
FIS,M194-24
FIS,M195-24
FIS,M201-24
FIS,M202-24
FIS,M203-24
FIS,M211-24
FIS,M223-24
FIS,M224-24
FIS,M236-24
FIS,M241-24
FIS,M243-24
FIS,M244-24
FIS,M254-24
FIS,M257-24
FIS,M259-24
FIS,M266-24
FIS,M267-24
IM,BA008-24
IM,BA025-24
IM,BA036-24
IM,BA038-24
IM,BA052-24
IM,IPM017-21
IM,IPM032-21
IM,IPM043-21
IM,IPM048-21
IM,IPM060-21
IM,IPM088-21
IM,IPM105-21
IM,IPM112-21
IM,M018-24
IM,M027-24
IM,M034-24
IM,M040-24
IM,M090-24
IM,M093-24
IM,M108-24
IM,M113-24
IM,M118-24
IM,M126-24
IM,M129-24
IM,M152-24
IM,M157-24
IM,M177-24
IM,M199-24
IM,M204-24
IM,M218-24
IM,M226-24
IM,M227-24
IM,M237-24
IM,M245-24
IM,M271-24
IM,BA018-24
IM,BA020-24
IM,BA023-24
IM,BA051-24
IM,IPM018-21
IM,IPM021-21
IM,IPM029-21
IM,IPM033-21
IM,IPM054-21
IM,IPM072-21
IM,IPM073-21
IM,IPM076-21
IM,IPM077-21
IM,IPM085-21
IM,IPM114-21
IM,IPM115-21
IM,M003-24
IM,M007-24
IM,M015-24
IM,M016-24
IM,M024-24
IM,M030-24
IM,M032-24
IM,M035-24
IM,M037-24
IM,M039-24
IM,M047-24
IM,M052-24
IM,M056-24
IM,M064-24
IM,M065-24
IM,M072-24
IM,M074-24
IM,M077-24
IM,M079-24
IM,M085-24
IM,M095-24
IM,M102-24
IM,M106-24
IM,M115-24
IM,M120-24
IM,M131-24
IM,M135-24
IM,M138-24
IM,M140-24
IM,M143-24
IM,M150-24
IM,M161-24
IM,M162-24
IM,M174-24
IM,M175-24
IM,M176-24
IM,M184-24
IM,M185-24
IM,M188-24
IM,M189-24
IM,M193-24
IM,M194-24
IM,M195-24
IM,M201-24
IM,M203-24
IM,M222-24
IM,M224-24
IM,M225-24
IM,M236-24
IM,M241-24
IM,M243-24
IM,M244-24
IM,M254-24
IM,M259-24
IM,M263-24
IM,M266-24
IM,M267-24
IM,M268-24
BV,IPM013-21
BV,IPM017-21
BV,IPM018-21
BV,IPM021-21
BV,IPM032-21
BV,IPM043-21
BV,IPM048-21
BV,IPM053-21
BV,IPM054-21
BV,IPM058-21
BV,IPM062-21
BV,IPM072-21
BV,IPM073-21
BV,IPM076-21
BV,IPM077-21
BV,IPM085-21
BV,IPM087-21
BV,IPM093-21
BV,IPM105-21
BV,IPM112-21
BV,IPM115-21
BV,IPM116-21
BV,M007-24
BV,M018-24
BV,M030-24
BV,M032-24
BV,M037-24
BV,M039-24
BV,M056-24
BV,M064-24
BV,M072-24
BV,M077-24
BV,M079-24
BV,M083-24
BV,M090-24
BV,M093-24
BV,M104-24
BV,M106-24
BV,M108-24
BV,M172-24
BV,M193-24
BV,M201-24
BV,M202-24
BV,M203-24
BV,M236-24
BV,M237-24
BV,M244-24
BV,M245-24
BV,M250-24
BV,M257-24
BV,M263-24
BV,M266-24
BV,M271-24
DRV,IPM013-21
DRV,IPM018-21
DRV,IPM029-21
DRV,IPM032-21
DRV,IPM033-21
DRV,IPM043-21
DRV,IPM054-21
DRV,IPM060-21
DRV,IPM071-21
DRV,IPM072-21
DRV,IPM073-21
DRV,IPM076-21
DRV,IPM085-21
DRV,IPM087-21
DRV,IPM093-21
DRV,IPM112-21
DRV,IPM114-21
DRV,IPM115-21
DRV,M005-24
DRV,M007-24
DRV,M010-23
DRV,M018-24
DRV,M024-24
DRV,M032-24
DRV,M035-24
DRV,M037-24
DRV,M039-24
DRV,M040-24
DRV,M047-24
DRV,M052-24
DRV,M056-24
DRV,M058-24
DRV,M060-24
DRV,M064-24
DRV,M074-24
DRV,M077-24
DRV,M085-24
DRV,M093-24
DRV,M104-24
DRV,M106-24
DRV,M108-24
DRV,M113-24
DRV,M115-24
DRV,M120-24
DRV,M131-24
DRV,M135-24
DRV,M138-24
DRV,M140-24
DRV,M161-24
DRV,M162-24
DRV,M172-24
DRV,M174-24
DRV,M185-24
DRV,M188-24
DRV,M189-24
DRV,M194-24
DRV,M195-24
DRV,M202-24
DRV,M218-24
DRV,M222-24
DRV,M224-24
DRV,M226-24
DRV,M236-24
DRV,M241-24
DRV,M243-24
DRV,M244-24
DRV,M250-24
DRV,M254-24
DRV,M257-24
DRV,M259-24
DRV,M268-24
DRV,M271-24
DMPA,BA002-24
DMPA,BA003-24
DMPA,BA004-24
DMPA,BA008-24
DMPA,BA010-24
DMPA,BA012-24
DMPA,BA015-24
DMPA,BA017-24
DMPA,BA020-24
DMPA,BA022-24
DMPA,BA023-24
DMPA,BA024-24
DMPA,BA025-24
DMPA,BA028-24
DMPA,BA029-24
DMPA,BA030-24
DMPA,BA033-24
DMPA,BA037-24
DMPA,BA041-24
DMPA,BA043-24
DMPA,BA050-24
DMPA,BA051-24
DMPA,IPM009-21
DMPA,IPM011-21
DMPA,IPM032-21
DMPA,IPM040-21
DMPA,IPM052-21
DMPA,IPM063-21
DMPA,IPM087-21
DMPA,IPM118-21
DMPA,M012-24
DMPA,M027-24
DMPA,M036-24
DMPA,M038-24
DMPA,M064-24
DMPA,M065-24
DMPA,M070-24
DMPA,M084-24
DMPA,M104-24
DMPA,M112-24
DMPA,M139-24
DMPA,M153-24
DMPA,M155-24
DMPA,M197-24
DMPA,M246-24
DMPA,M260-24
DMPA,BA005-24
DMPA,BA006-24
DMPA,BA007-24
DMPA,BA011-24
DMPA,BA013-24
DMPA,BA014-24
DMPA,BA018-24
DMPA,BA019-24
DMPA,BA021-24
DMPA,BA031-24
DMPA,BA032-24
DMPA,BA035-24
DMPA,BA036-24
DMPA,BA038-24
DMPA,BA039-24
DMPA,BA040-24
DMPA,BA042-24
DMPA,BA047-24
DMPA,BA048-24
DMPA,BA049-24
DMPA,BA052-24
DMPA,BA054-24
DMPA,BA055-24
DMPA,IPM006-21
DMPA,IPM021-21
DMPA,IPM029-21
DMPA,IPM033-21
DMPA,IPM056-21
DMPA,IPM058-21
DMPA,IPM062-21
DMPA,IPM067-21
DMPA,IPM073-21
DMPA,IPM078-21
DMPA,IPM085-21
DMPA,IPM093-21
DMPA,IPM115-21
DMPA,IPM123-21
DMPA,M004-24
DMPA,M007-24
DMPA,M026-24
DMPA,M056-24
DMPA,M060-24
DMPA,M102-24
DMPA,M143-24
DMPA,M154-24
DMPA,M166-24
DMPA,M198-24
DWDV,BA004-23
DWDV,BA004-24
DWDV,BA006-24
DWDV,BA007-24
DWDV,BA009-24
DWDV,BA014-24
DWDV,BA015-24
DWDV,BA017-24
DWDV,BA023-24
DWDV,BA024-24
DWDV,BA025-24
DWDV,BA026-24
DWDV,BA028-24
DWDV,BA029-24
DWDV,BA030-24
DWDV,BA031-24
DWDV,BA033-24
DWDV,BA035-24
DWDV,BA036-24
DWDV,BA037-24
DWDV,BA041-24
DWDV,BA042-24
DWDV,BA043-24
DWDV,BA046-24
DWDV,BA047-24
DWDV,BA050-24
DWDV,BA051-24
DWDV,BA052-24
DWDV,BA054-24
DWDV,BA055-24
DWDV,IPM003-21
DWDV,IPM044-21
DWDV,IPM056-21
DWDV,IPM058-21
DWDV,IPM070-21
DWDV,IPM076-21
DWDV,IPM081-21
DWDV,IPM114-21
DWDV,IPM117-21
DWDV,IPM118-21
DWDV,M012-24
DWDV,M017-24
DWDV,M020-24
DWDV,M025-24
DWDV,M026-24
DWDV,M027-24
DWDV,M029-24
DWDV,M036-24
DWDV,M040-23
DWDV,M070-24
DWDV,M074-24
DWDV,M075-24
DWDV,M097-24
DWDV,M099-24
DWDV,M112-24
DWDV,M133-24
DWDV,M139-24
DWDV,M143-24
DWDV,M153-24
DWDV,M163-24
DWDV,M166-24
DWDV,M174-24
DWDV,M188-24
DWDV,M197-24
DWDV,M214-24
DWDV,M220-24
DWDV,M223-24
DWDV,M246-24
DWDV,M262-24
DWDV,M269-24
DT,BA002-24
DT,BA003-24
DT,BA004-23
DT,BA006-24
DT,BA008-24
DT,BA009-24
DT,BA012-24
DT,BA013-24
DT,BA014-24
DT,BA015-24
DT,BA017-24
DT,BA018-24
DT,BA020-24
DT,BA025-24
DT,BA026-24
DT,BA028-24
DT,BA029-24
DT,BA030-24
DT,BA032-24
DT,BA033-24
DT,BA035-24
DT,BA038-24
DT,BA039-24
DT,BA040-24
DT,BA041-24
DT,BA046-24
DT,BA052-24
DT,BA055-24
DT,IPM061-21
DT,IPM071-21
DT,M006-24
DT,M015-24
DT,M022-24
DT,M027-24
DT,M036-24
DT,M060-24
DT,M075-24
DT,M095-24
DT,M097-24
DT,M099-24
DT,M105-24
DT,M110-24
DT,M114-24
DT,M125-23
DT,M139-24
DT,M143-24
DT,M166-24
DT,M178-24
DT,M198-24
DT,M213-24
DT,M246-24
DT,M258-24
DT,BA004-24
DT,BA005-24
DT,BA007-24
DT,BA010-24
DT,BA011-24
DT,BA019-24
DT,BA021-24
DT,BA022-24
DT,BA036-24
DT,BA037-24
DT,BA042-24
DT,BA043-24
DT,BA044-24
DT,BA047-24
DT,BA048-24
DT,BA049-24
DT,BA050-24
DT,BA051-24
DT,BA054-24
DT,IPM003-21
DT,IPM006-21
DT,IPM009-21
DT,IPM034-21
DT,IPM039-21
DT,IPM041-21
DT,IPM048-21
DT,IPM072-21
DT,IPM076-21
DT,IPM080-21
DT,IPM085-21
DT,IPM097-21
DT,IPM102-21
DT,M004-24
DT,M012-24
DT,M023-24
DT,M024-24
DT,M026-24
DT,M032-24
DT,M035-24
DT,M040-23
DT,M042-24
DT,M064-24
DT,M068-24
DT,M069-24
DT,M096-24
DT,M098-24
DT,M105-23
DT,M141-24
DT,M171-23
DT,M197-24
DT,M200-23
DT,M208-23
DT,M215-24
DT,M219-24
DT,M220-24
DT,M249-23
DT,M260-24
DT,M268-24
IMKT,BA010-24
IMKT,BA014-24
IMKT,BA015-24
IMKT,BA025-24
IMKT,BA026-24
IMKT,BA028-24
IMKT,BA029-24
IMKT,BA037-24
IMKT,BA039-24
IMKT,BA040-24
IMKT,BA048-24
IMKT,BA049-24
IMKT,H047-24
IMKT,IPM011-21
IMKT,IPM033-21
IMKT,IPM039-21
IMKT,IPM061-21
IMKT,IPM114-21
IMKT,IPM118-21
IMKT,M010-23
IMKT,M013-24
IMKT,M023-24
IMKT,M048-24
IMKT,M049-23
IMKT,M055-24
IMKT,M057-24
IMKT,M067-24
IMKT,M085-24
IMKT,M102-24
IMKT,M105-24
IMKT,M116-24
IMKT,M126-24
IMKT,M130-24
IMKT,M132-24
IMKT,M137-24
IMKT,M144-24
IMKT,M152-24
IMKT,M154-24
IMKT,M159-24
IMKT,M165-24
IMKT,M184-24
IMKT,M186-23
IMKT,M200-23
IMKT,M204-24
IMKT,M205-24
IMKT,M214-24
IMKT,M217-24
IMKT,M229-24
IMKT,M230-24
IMKT,M235-24
IMKT,M237-24
IMKT,M240-24
IMKT,M248-24
IMKT,M251-24
IMKT,M258-24
IMKT,M271-24
IMKT,BA003-24
IMKT,BA004-24
IMKT,BA007-24
IMKT,BA012-24
IMKT,BA022-24
IMKT,BA024-24
IMKT,BA030-24
IMKT,BA033-24
IMKT,BA035-24
IMKT,BA036-24
IMKT,BA041-24
IMKT,BA043-24
IMKT,BA044-24
IMKT,BA047-24
IMKT,BA052-24
IMKT,BA054-24
IMKT,BA055-24
IMKT,H011-24
IMKT,IPM002-21
IMKT,IPM015-21
IMKT,IPM016-21
IMKT,IPM020-21
IMKT,IPM023-21
IMKT,IPM034-21
IMKT,IPM041-21
IMKT,IPM045-21
IMKT,IPM048-21
IMKT,IPM051-21
IMKT,IPM053-21
IMKT,IPM057-21
IMKT,IPM073-21
IMKT,IPM087-21
IMKT,IPM088-21
IMKT,IPM094-21
IMKT,IPM102-21
IMKT,IPM112-21
IMKT,IPM117-21
IMKT,M001-24
IMKT,M010-24
IMKT,M046-24
IMKT,M049-24
IMKT,M073-24
IMKT,M093-24
IMKT,M096-24
IMKT,M124-24
IMKT,M145-24
IMKT,M157-24
IMKT,M170-24
IMKT,M172-24
IMKT,M175-24
IMKT,M180-24
IMKT,M189-24
IMKT,M190-24
IMKT,M203-24
IMKT,M209-24
IMKT,M215-24
IMKT,M221-24
IMKT,M225-24
IMKT,M227-24
IMKT,M232-24
IMKT,M249-23
IMKT,M251-23
IMKT,M254-24
IMKT,M255-24
IMKT,M257-24
IMKT,M261-24
IMKT,M267-24
IMKT,M268-24
PBM,BA004-24
PBM,BA009-24
PBM,BA022-24
PBM,BA024-24
PBM,BA025-24
PBM,BA033-24
PBM,IPM011-21
PBM,IPM017-21
PBM,IPM018-21
PBM,IPM032-21
PBM,IPM040-21
PBM,IPM041-21
PBM,IPM060-21
PBM,IPM088-21
PBM,IPM100-21
PBM,IPM118-21
PBM,M001-24
PBM,M006-24
PBM,M014-24
PBM,M020-24
PBM,M025-24
PBM,M034-24
PBM,M035-24
PBM,M042-24
PBM,M043-24
PBM,M057-24
PBM,M058-24
PBM,M065-24
PBM,M072-24
PBM,M079-24
PBM,M084-24
PBM,M089-24
PBM,M099-24
PBM,M104-24
PBM,M108-24
PBM,M114-24
PBM,M116-24
PBM,M118-24
PBM,M124-24
PBM,M128-24
PBM,M130-24
PBM,M132-24
PBM,M134-24
PBM,M141-24
PBM,M142-24
PBM,M147-24
PBM,M155-24
PBM,M168-24
PBM,M177-24
PBM,M191-24
PBM,M196-24
PBM,M200-24
PBM,M204-24
PBM,M205-24
PBM,M209-24
PBM,M219-24
PBM,M225-24
PBM,M226-24
PBM,M232-24
PBM,M235-24
PBM,M238-24
PBM,M247-24
PBM,M248-24
PBM,M251-24
PBM,M256-24
PBM,M259-24
PBM,M267-24
PBM,M269-24
PBM,BA003-24
PBM,BA007-24
PBM,BA014-24
PBM,BA015-24
PBM,BA018-24
PBM,BA028-24
PBM,BA030-24
PBM,BA031-24
PBM,BA035-24
PBM,BA036-24
PBM,BA037-24
PBM,BA039-24
PBM,BA040-24
PBM,BA046-24
PBM,BA052-24
PBM,IPM005-21
PBM,IPM006-21
PBM,IPM021-21
PBM,IPM052-21
PBM,IPM058-21
PBM,IPM061-21
PBM,IPM070-21
PBM,IPM071-21
PBM,IPM072-21
PBM,IPM078-21
PBM,IPM079-21
PBM,IPM097-21
PBM,IPM122-21
PBM,IPM123-21
PBM,M002-24
PBM,M003-24
PBM,M011-24
PBM,M015-24
PBM,M018-24
PBM,M022-24
PBM,M029-24
PBM,M038-24
PBM,M039-24
PBM,M040-24
PBM,M041-24
PBM,M044-24
PBM,M045-24
PBM,M052-24
PBM,M091-24
PBM,M105-23
PBM,M106-24
PBM,M120-24
PBM,M122-24
PBM,M123-24
PBM,M126-24
PBM,M144-24
PBM,M149-24
PBM,M154-24
PBM,M169-24
PBM,M170-24
PBM,M175-24
PBM,M185-24
PBM,M186-24
PBM,M201-24
PBM,M206-24
PBM,M211-24
PBM,M214-24
PBM,M215-24
PBM,M217-24
PBM,M221-24
PBM,M223-24
PBM,M227-24
PBM,M245-24
PBM,M254-24
PBM,M260-24
PBM,M265-24
PBM,M266-24
SDM,IPM009-21
SDM,IPM022-21
SDM,IPM040-21
SDM,IPM053-21
SDM,IPM060-21
SDM,IPM079-21
SDM,IPM094-21
SDM,IPM100-21
SDM,IPM107-21
SDM,IPM110-21
SDM,IPM122-21
SDM,IPM128-21
SDM,M003-24
SDM,M006-24
SDM,M010-23
SDM,M014-24
SDM,M015-24
SDM,M018-24
SDM,M033-24
SDM,M035-24
SDM,M038-24
SDM,M041-24
SDM,M049-24
SDM,M068-24
SDM,M089-24
SDM,M091-24
SDM,M093-24
SDM,M096-24
SDM,M098-24
SDM,M101-24
SDM,M111-24
SDM,M113-24
SDM,M115-24
SDM,M116-24
SDM,M118-24
SDM,M120-24
SDM,M123-24
SDM,M127-24
SDM,M132-24
SDM,M135-24
SDM,M141-24
SDM,M145-24
SDM,M150-24
SDM,M161-24
SDM,M165-24
SDM,M168-24
SDM,M173-24
SDM,M182-24
SDM,M185-24
SDM,M192-24
SDM,M199-24
SDM,M200-24
SDM,M205-24
SDM,M208-23
SDM,M208-24
SDM,M210-24
SDM,M215-24
SDM,M217-24
SDM,M225-24
SDM,M227-24
SDM,M229-24
SDM,M231-24
SDM,M235-24
SDM,M239-24
SDM,M244-23
SDM,M247-24
SDM,M249-23
SDM,M253-24
SDM,M265-24
SDM,BA003-24
SDM,BA037-24
SDM,BA039-24
SDM,BA046-24
SDM,BA047-24
SDM,BA048-24
SDM,IPM005-21
SDM,IPM006-21
SDM,IPM013-21
SDM,IPM016-21
SDM,IPM044-21
SDM,IPM058-21
SDM,IPM070-21
SDM,IPM078-21
SDM,IPM080-21
SDM,IPM081-21
SDM,IPM116-21
SDM,IPM117-21
SDM,IPM118-21
SDM,IPM123-21
SDM,M001-24
SDM,M002-24
SDM,M011-24
SDM,M020-24
SDM,M022-24
SDM,M029-24
SDM,M031-24
SDM,M034-23
SDM,M044-24
SDM,M045-24
SDM,M046-24
SDM,M048-24
SDM,M051-24
SDM,M066-24
SDM,M067-24
SDM,M107-24
SDM,M110-24
SDM,M125-24
SDM,M133-24
SDM,M138-24
SDM,M146-24
SDM,M147-24
SDM,M149-24
SDM,M155-24
SDM,M157-24
SDM,M164-24
SDM,M171-24
SDM,M175-24
SDM,M176-24
SDM,M178-24
SDM,M186-23
SDM,M186-24
SDM,M206-24
SDM,M220-24
SDM,M221-24
SDM,M228-24
SDM,M234-24
SDM,M241-24
SDM,M242-24
SDM,M243-24
SDM,M246-24
SDM,M251-24
SDM,M255-24
SDM,M256-24
SDM,M258-24
SDM,M262-24
SDM,M263-24
SDM,M264-24
SDM,M267-24
SDM,M270-24
CB,BA004-23
CB,BA041-24
CB,BA046-24
CB,IPM002-21
CB,IPM013-21
CB,IPM044-21
CB,IPM056-21
CB,IPM059-21
CB,IPM061-21
CB,IPM071-21
CB,IPM080-21
CB,IPM116-21
CB,IPM117-21
CB,IPM123-21
CB,M002-24
CB,M004-24
CB,M005-24
CB,M015-24
CB,M020-24
CB,M029-24
CB,M043-24
CB,M045-24
CB,M047-24
CB,M070-24
CB,M071-24
CB,M097-24
CB,M103-24
CB,M105-24
CB,M114-24
CB,M149-23
CB,M151-24
CB,M176-24
CB,M180-24
CB,M184-24
CB,M198-24
CB,M199-24
CB,M208-24
CB,M221-24
CB,M223-24
CB,M224-24
CB,M228-24
CB,M236-24
CB,M245-24
CB,M248-24
CB,M249-23
CB,M250-24
CB,M251-23
CB,M251-24
CB,M258-24
CB,M261-24
CB,M266-24
CB,BA047-24
CB,BA050-24
CB,IPM009-21
CB,IPM011-21
CB,IPM015-21
CB,IPM037-21
CB,IPM045-21
CB,IPM052-21
CB,IPM055-21
CB,IPM063-21
CB,IPM067-21
CB,IPM078-21
CB,IPM088-21
CB,IPM094-21
CB,IPM097-21
CB,IPM099-21
CB,IPM114-21
CB,M010-24
CB,M014-24
CB,M017-24
CB,M024-24
CB,M040-23
CB,M048-24
CB,M049-23
CB,M052-24
CB,M053-24
CB,M055-24
CB,M057-24
CB,M058-24
CB,M063-24
CB,M068-24
CB,M073-24
CB,M085-24
CB,M091-24
CB,M101-24
CB,M107-24
CB,M113-24
CB,M121-24
CB,M122-24
CB,M142-24
CB,M145-24
CB,M159-24
CB,M164-24
CB,M165-24
CB,M171-24
CB,M177-24
CB,M208-23
CB,M217-24
CB,M220-24
CB,M229-24
CB,M230-24
CB,M232-24
CB,M234-24
CB,M240-24
CB,M243-24
CB,M249-24
CB,M253-24
CB,M255-24
CB,M262-24
CB,M265-24
CRM,BA010-24
CRM,BA012-24
CRM,BA013-24
CRM,BA020-24
CRM,BA021-24
CRM,BA031-24
CRM,BA044-24
CRM,H072-23
CRM,IPM002-21
CRM,IPM003-21
CRM,IPM015-21
CRM,IPM020-21
CRM,IPM023-21
CRM,IPM034-21
CRM,IPM039-21
CRM,IPM040-21
CRM,IPM048-21
CRM,IPM053-21
CRM,IPM055-21
CRM,IPM057-21
CRM,IPM059-21
CRM,IPM088-21
CRM,IPM097-21
CRM,IPM099-21
CRM,IPM105-21
CRM,IPM112-21
CRM,M001-24
CRM,M006-24
CRM,M013-24
CRM,M014-24
CRM,M022-24
CRM,M023-24
CRM,M034-24
CRM,M038-24
CRM,M046-24
CRM,M051-24
CRM,M065-24
CRM,M068-24
CRM,M075-24
CRM,M079-24
CRM,M082-24
CRM,M099-23
CRM,M116-24
CRM,M126-24
CRM,M136-24
CRM,M138-24
CRM,M141-24
CRM,M146-24
CRM,M149-23
CRM,M151-24
CRM,M163-24
CRM,M164-24
CRM,M176-24
CRM,M195-24
CRM,M208-23
CRM,M213-24
CRM,M219-24
CRM,M223-24
CRM,M237-24
CRM,M238-24
CRM,M241-24
CRM,M249-24
CRM,M250-24
CRM,M251-23
CRM,M260-24
CRM,M264-24
CRM,M270-24
CRM,BA006-24
CRM,BA009-24
CRM,BA032-24
CRM,BA048-24
CRM,BA054-24
CRM,IPM008-21
CRM,IPM009-21
CRM,IPM022-21
CRM,IPM032-21
CRM,IPM037-21
CRM,IPM045-21
CRM,IPM051-21
CRM,IPM063-21
CRM,IPM067-21
CRM,IPM077-21
CRM,IPM094-21
CRM,IPM107-21
CRM,M010-23
CRM,M010-24
CRM,M016-24
CRM,M017-24
CRM,M019-24
CRM,M030-24
CRM,M031-24
CRM,M033-24
CRM,M034-23
CRM,M041-24
CRM,M048-24
CRM,M053-24
CRM,M055-24
CRM,M057-24
CRM,M073-24
CRM,M076-24
CRM,M089-24
CRM,M099-24
CRM,M101-24
CRM,M111-24
CRM,M112-24
CRM,M113-24
CRM,M122-24
CRM,M125-23
CRM,M125-24
CRM,M129-24
CRM,M132-24
CRM,M133-24
CRM,M155-24
CRM,M165-24
CRM,M168-24
CRM,M170-24
CRM,M178-24
CRM,M186-23
CRM,M188-24
CRM,M190-24
CRM,M200-23
CRM,M204-24
CRM,M216-24
CRM,M217-24
CRM,M231-24
CRM,M234-24
CRM,M240-24
CRM,M242-24
CRM,M243-24
CRM,M244-23
CRM,M262-24
CRM,M263-24
CRM,M269-24
DSMM,BA050-24
DSMM,IPM020-21
DSMM,IPM023-21
DSMM,IPM051-21
DSMM,IPM057-21
DSMM,IPM063-21
DSMM,IPM070-21
DSMM,IPM079-21
DSMM,IPM081-21
DSMM,IPM094-21
DSMM,IPM097-21
DSMM,IPM099-21
DSMM,IPM105-21
DSMM,IPM110-21
DSMM,M010-23
DSMM,M013-24
DSMM,M015-24
DSMM,M016-24
DSMM,M018-24
DSMM,M023-24
DSMM,M029-24
DSMM,M031-24
DSMM,M039-24
DSMM,M040-23
DSMM,M040-24
DSMM,M044-24
DSMM,M049-24
DSMM,M053-24
DSMM,M066-24
DSMM,M082-24
DSMM,M099-23
DSMM,M112-24
DSMM,M115-24
DSMM,M123-24
DSMM,M129-24
DSMM,M133-24
DSMM,M135-24
DSMM,M136-24
DSMM,M144-24
DSMM,M151-24
DSMM,M163-24
DSMM,M169-24
DSMM,M180-24
DSMM,M182-24
DSMM,M186-23
DSMM,M192-24
DSMM,M210-24
DSMM,M211-24
DSMM,M231-24
DSMM,M244-23
DSMM,M251-23
DSMM,M258-24
DSMM,M260-24
DSMM,M263-24
DSMM,BA004-23
DSMM,BA009-24
DSMM,BA017-24
DSMM,BA023-24
DSMM,BA024-24
DSMM,BA031-24
DSMM,BA032-24
DSMM,BA035-24
DSMM,BA042-24
DSMM,H042-24
DSMM,H052-24
DSMM,IPM002-21
DSMM,IPM003-21
DSMM,IPM006-21
DSMM,IPM008-21
DSMM,IPM009-21
DSMM,IPM034-21
DSMM,IPM037-21
DSMM,IPM041-21
DSMM,IPM050-21
DSMM,IPM052-21
DSMM,IPM053-21
DSMM,IPM056-21
DSMM,IPM058-21
DSMM,IPM062-21
DSMM,IPM077-21
DSMM,IPM078-21
DSMM,IPM100-21
DSMM,IPM102-21
DSMM,IPM117-21
DSMM,IPM122-21
DSMM,IPM123-21
DSMM,M004-24
DSMM,M020-24
DSMM,M025-24
DSMM,M035-24
DSMM,M042-24
DSMM,M043-24
DSMM,M046-24
DSMM,M051-24
DSMM,M063-24
DSMM,M070-24
DSMM,M075-24
DSMM,M084-24
DSMM,M089-24
DSMM,M096-24
DSMM,M099-24
DSMM,M103-24
DSMM,M105-23
DSMM,M106-24
DSMM,M114-24
DSMM,M124-24
DSMM,M125-23
DSMM,M127-24
DSMM,M128-24
DSMM,M134-24
DSMM,M147-24
DSMM,M149-23
DSMM,M149-24
DSMM,M150-24
DSMM,M153-24
DSMM,M170-24
DSMM,M171-24
DSMM,M189-24
DSMM,M190-24
DSMM,M191-24
DSMM,M194-24
DSMM,M198-24
DSMM,M199-24
DSMM,M200-24
DSMM,M209-24
DSMM,M213-24
DSMM,M216-24
DSMM,M219-24
DSMM,M220-24
DSMM,M221-24
DSMM,M226-24
DSMM,M228-24
DSMM,M238-24
DSMM,M239-24
DSMM,M242-24
DSMM,M247-24
DSMM,M256-24
DSMM,M261-24
DSMM,M264-24
DSMM,M265-24
IMC,BA019-24
IMC,BA046-24
IMC,BA050-24
IMC,H026-24
IMC,IPM005-21
IMC,IPM008-21
IMC,IPM011-21
IMC,IPM023-21
IMC,IPM043-21
IMC,IPM045-21
IMC,IPM050-21
IMC,IPM054-21
IMC,IPM063-21
IMC,IPM067-21
IMC,IPM071-21
IMC,IPM080-21
IMC,IPM099-21
IMC,IPM102-21
IMC,IPM110-21
IMC,IPM116-21
IMC,M003-24
IMC,M011-24
IMC,M016-24
IMC,M017-24
IMC,M019-24
IMC,M022-24
IMC,M034-23
IMC,M034-24
IMC,M042-24
IMC,M045-24
IMC,M046-24
IMC,M049-23
IMC,M051-24
IMC,M057-24
IMC,M067-24
IMC,M069-24
IMC,M070-24
IMC,M071-24
IMC,M072-24
IMC,M073-24
IMC,M075-24
IMC,M095-24
IMC,M097-24
IMC,M098-24
IMC,M111-24
IMC,M121-24
IMC,M125-24
IMC,M129-24
IMC,M131-24
IMC,M133-24
IMC,M147-24
IMC,M150-24
IMC,M151-24
IMC,M152-24
IMC,M163-24
IMC,M168-24
IMC,M169-24
IMC,M173-24
IMC,M174-24
IMC,M176-24
IMC,M182-24
IMC,M185-24
IMC,M198-24
IMC,M205-24
IMC,M208-24
IMC,M209-24
IMC,M215-24
IMC,M246-24
IMC,M256-24
IMC,BA012-24
IMC,BA013-24
IMC,BA026-24
IMC,BA044-24
IMC,IPM003-21
IMC,IPM016-21
IMC,IPM040-21
IMC,IPM051-21
IMC,IPM052-21
IMC,IPM056-21
IMC,IPM079-21
IMC,IPM081-21
IMC,IPM122-21
IMC,IPM128-21
IMC,M006-24
IMC,M023-24
IMC,M030-24
IMC,M041-24
IMC,M058-24
IMC,M063-24
IMC,M066-24
IMC,M074-24
IMC,M076-24
IMC,M082-24
IMC,M084-24
IMC,M090-24
IMC,M099-23
IMC,M105-23
IMC,M107-24
IMC,M112-24
IMC,M116-24
IMC,M127-24
IMC,M128-24
IMC,M130-24
IMC,M132-24
IMC,M136-24
IMC,M137-24
IMC,M149-23
IMC,M155-24
IMC,M159-24
IMC,M161-24
IMC,M162-24
IMC,M180-24
IMC,M191-24
IMC,M213-24
IMC,M216-24
IMC,M222-24
IMC,M247-24
IMC,M249-24
IMC,M251-23
IMC,M253-24
IMC,M268-24
IMC,M270-24
PRI,BA002-24
PRI,BA010-24
PRI,BA021-24
PRI,BA041-24
PRI,IPM005-21
PRI,IPM016-21
PRI,IPM020-21
PRI,IPM021-21
PRI,IPM037-21
PRI,IPM039-21
PRI,IPM043-21
PRI,IPM051-21
PRI,IPM054-21
PRI,IPM055-21
PRI,IPM057-21
PRI,IPM059-21
PRI,IPM080-21
PRI,IPM087-21
PRI,IPM099-21
PRI,IPM110-21
PRI,IPM128-21
PRI,M019-24
PRI,M033-24
PRI,M043-24
PRI,M048-24
PRI,M058-24
PRI,M066-24
PRI,M079-24
PRI,M091-24
PRI,M097-24
PRI,M098-24
PRI,M105-24
PRI,M107-24
PRI,M110-24
PRI,M115-24
PRI,M118-24
PRI,M122-24
PRI,M125-23
PRI,M137-24
PRI,M140-24
PRI,M142-24
PRI,M149-24
PRI,M154-24
PRI,M162-24
PRI,M200-23
PRI,M211-24
PRI,M222-24
PRI,M230-24
PRI,M239-24
PRI,M242-24
PRI,M259-24
PRI,M261-24
PRI,M270-24
PRI,BA004-23
PRI,BA019-24
PRI,BA048-24
PRI,BA049-24
PRI,IPM015-21
PRI,IPM022-21
PRI,IPM050-21
PRI,IPM056-21
PRI,IPM062-21
PRI,IPM067-21
PRI,IPM094-21
PRI,IPM100-21
PRI,IPM107-21
PRI,IPM116-21
PRI,IPM118-21
PRI,M004-24
PRI,M030-24
PRI,M067-24
PRI,M068-24
PRI,M071-24
PRI,M076-24
PRI,M083-24
PRI,M102-24
PRI,M111-24
PRI,M123-24
PRI,M125-24
PRI,M155-24
PRI,M171-23
PRI,M173-24
PRI,M175-24
PRI,M191-24
PRI,M192-24
PRI,M196-24
PRI,M203-24
PRI,M219-24
PRI,M220-24
PRI,M221-24
PRI,M229-24
PRI,M240-24
PRI,M249-23
PRI,M255-24
PRI,M262-24
PRI,M265-24
REE,BA005-24
REE,H001-24
REE,H002-24
REE,H003-24
REE,H004-23
REE,H004-24
REE,H005-24
REE,H006-24
REE,H007-24
REE,H008-24
REE,H009-24
REE,H010-24
REE,H011-24
REE,H012-24
REE,H014-24
REE,H015-24
REE,H016-24
REE,H017-24
REE,H018-24
REE,H019-24
REE,H020-24
REE,H021-24
REE,H022-24
REE,H023-24
REE,H025-24
REE,H026-24
REE,H027-24
REE,H028-24
REE,H029-24
REE,H030-23
REE,H030-24
REE,H031-24
REE,H032-24
REE,H034-24
REE,H035-24
REE,H036-24
REE,H037-24
REE,H038-24
REE,H039-24
REE,H040-24
REE,H041-24
REE,H042-24
REE,H043-24
REE,H044-24
REE,H045-24
REE,H046-24
REE,H047-24
REE,H048-24
REE,H049-23
REE,H049-24
REE,H050-24
REE,H051-24
REE,H052-24
REE,H053-24
REE,H055-24
REE,H056-24
REE,H057-24
REE,H058-24
REE,H059-24
REE,H072-23
REE,H077-23
REE,H083-23
REE,H085-23
REE,IPM059-21
REE,M001-24
REE,M170-24
REE,M193-24
REE,M210-24
REE,M234-24
EMPP,H001-24
EMPP,H003-24
EMPP,H005-24
EMPP,H006-24
EMPP,H008-24
EMPP,H009-24
EMPP,H011-24
EMPP,H012-24
EMPP,H015-24
EMPP,H017-24
EMPP,H018-24
EMPP,H020-24
EMPP,H022-24
EMPP,H023-24
EMPP,H026-24
EMPP,H028-24
EMPP,H030-24
EMPP,H032-24
EMPP,H034-24
EMPP,H036-24
EMPP,H038-24
EMPP,H039-24
EMPP,H044-24
EMPP,H047-24
EMPP,H049-23
EMPP,H049-24
EMPP,H053-24
EMPP,H055-24
EMPP,H056-24
EMPP,H057-24
EMPP,H072-23
EMPP,H077-23
EMPP,IPM013-21
EMPP,IPM022-21
EMPP,IPM107-21
EMPP,M014-24
EMPP,M019-24
EMPP,M026-24
EMPP,M034-23
EMPP,M038-24
EMPP,M049-23
EMPP,M076-24
EMPP,M082-24
EMPP,M107-24
EMPP,M125-23
EMPP,M130-24
EMPP,M136-24
EMPP,M137-24
EMPP,M190-24
EMPP,M200-23
EMPP,M208-23
EMPP,M211-24
EMPP,M244-23
EMPP,M270-24
EMPP,BA012-24
EMPP,H002-24
EMPP,H004-23
EMPP,H004-24
EMPP,H007-24
EMPP,H010-24
EMPP,H014-24
EMPP,H016-24
EMPP,H019-24
EMPP,H021-24
EMPP,H025-24
EMPP,H027-24
EMPP,H029-24
EMPP,H030-23
EMPP,H031-24
EMPP,H035-24
EMPP,H037-24
EMPP,H040-24
EMPP,H041-24
EMPP,H042-24
EMPP,H043-24
EMPP,H045-24
EMPP,H046-24
EMPP,H048-24
EMPP,H050-24
EMPP,H051-24
EMPP,H052-24
EMPP,H058-24
EMPP,H059-24
EMPP,H083-23
EMPP,H085-23
EMPP,IPM008-21
EMPP,M071-24
EMPP,M083-24
EMPP,M124-24
EMPP,M127-24
EMPP,M144-24
EMPP,M149-23
EMPP,M151-24
EMPP,M165-24
EMPP,M171-23
EMPP,M193-24
EMPP,M213-24
NCM,H001-24
NCM,H002-24
NCM,H003-24
NCM,H004-23
NCM,H004-24
NCM,H005-24
NCM,H006-24
NCM,H007-24
NCM,H008-24
NCM,H009-24
NCM,H010-24
NCM,H011-24
NCM,H012-24
NCM,H014-24
NCM,H015-24
NCM,H016-24
NCM,H017-24
NCM,H018-24
NCM,H019-24
NCM,H020-24
NCM,H021-24
NCM,H022-24
NCM,H023-24
NCM,H025-24
NCM,H026-24
NCM,H027-24
NCM,H028-24
NCM,H029-24
NCM,H030-23
NCM,H030-24
NCM,H031-24
NCM,H032-24
NCM,H034-24
NCM,H035-24
NCM,H036-24
NCM,H037-24
NCM,H038-24
NCM,H039-24
NCM,H040-24
NCM,H041-24
NCM,H042-24
NCM,H043-24
NCM,H044-24
NCM,H045-24
NCM,H046-24
NCM,H047-24
NCM,H048-24
NCM,H049-23
NCM,H049-24
NCM,H050-24
NCM,H051-24
NCM,H052-24
NCM,H053-24
NCM,H055-24
NCM,H056-24
NCM,H057-24
NCM,H058-24
NCM,H059-24
NCM,H072-23
NCM,H077-23
NCM,H083-23
NCM,H085-23
NCM,M012-24
NCM,M036-24
NCM,M049-23
NCM,M122-24
NCM,M125-24
NCM,M174-24
GMRM,H001-24
GMRM,H002-24
GMRM,H003-24
GMRM,H004-23
GMRM,H004-24
GMRM,H005-24
GMRM,H006-24
GMRM,H007-24
GMRM,H008-24
GMRM,H009-24
GMRM,H010-24
GMRM,H011-24
GMRM,H012-24
GMRM,H014-24
GMRM,H015-24
GMRM,H016-24
GMRM,H017-24
GMRM,H018-24
GMRM,H019-24
GMRM,H020-24
GMRM,H021-24
GMRM,H022-24
GMRM,H023-24
GMRM,H025-24
GMRM,H026-24
GMRM,H027-24
GMRM,H028-24
GMRM,H029-24
GMRM,H030-23
GMRM,H030-24
GMRM,H031-24
GMRM,H032-24
GMRM,H034-24
GMRM,H035-24
GMRM,H036-24
GMRM,H037-24
GMRM,H038-24
GMRM,H039-24
GMRM,H040-24
GMRM,H041-24
GMRM,H042-24
GMRM,H043-24
GMRM,H044-24
GMRM,H045-24
GMRM,H046-24
GMRM,H047-24
GMRM,H048-24
GMRM,H049-23
GMRM,H049-24
GMRM,H050-24
GMRM,H051-24
GMRM,H052-24
GMRM,H053-24
GMRM,H055-24
GMRM,H056-24
GMRM,H057-24
GMRM,H058-24
GMRM,H059-24
GMRM,H072-23
GMRM,H077-23
GMRM,H083-23
GMRM,H085-23
GMRM,IPM005-21
GMRM,M146-24
GMRM,M193-24
GMRM,M209-24
ODC,H001-24
ODC,H002-24
ODC,H003-24
ODC,H004-23
ODC,H004-24
ODC,H005-24
ODC,H006-24
ODC,H007-24
ODC,H008-24
ODC,H009-24
ODC,H010-24
ODC,H011-24
ODC,H012-24
ODC,H014-24
ODC,H015-24
ODC,H016-24
ODC,H017-24
ODC,H018-24
ODC,H019-24
ODC,H020-24
ODC,H021-24
ODC,H022-24
ODC,H023-24
ODC,H025-24
ODC,H026-24
ODC,H027-24
ODC,H028-24
ODC,H029-24
ODC,H030-23
ODC,H030-24
ODC,H031-24
ODC,H032-24
ODC,H034-24
ODC,H035-24
ODC,H036-24
ODC,H037-24
ODC,H038-24
ODC,H039-24
ODC,H040-24
ODC,H041-24
ODC,H042-24
ODC,H043-24
ODC,H044-24
ODC,H045-24
ODC,H046-24
ODC,H047-24
ODC,H048-24
ODC,H049-23
ODC,H049-24
ODC,H050-24
ODC,H051-24
ODC,H052-24
ODC,H053-24
ODC,H055-24
ODC,H056-24
ODC,H057-24
ODC,H058-24
ODC,H059-24
ODC,H072-23
ODC,H077-23
ODC,H083-23
ODC,H085-23
ODC,IPM080-21
ODC,M011-24
ODC,M058-24
ODC,M076-24
ODC,M111-24
ODC,M146-24
ODC,M165-24
ODC,M201-24
ODC,M236-24
SCM,BA011-24
SCM,BA013-24
SCM,BA023-24
SCM,BA049-24
SCM,IPM017-21
SCM,IPM044-21
SCM,IPM050-21
SCM,IPM055-21
SCM,IPM081-21
SCM,M034-24
SCM,M040-23
SCM,M041-24
SCM,M042-24
SCM,M055-24
SCM,M084-24
SCM,M101-24
SCM,M112-24
SCM,M121-24
SCM,M123-24
SCM,M142-24
SCM,M143-24
SCM,M153-24
SCM,M162-24
SCM,M163-24
SCM,M166-24
SCM,M169-24
SCM,M173-24
SCM,M186-24
SCM,M197-24
SCM,M202-24
SCM,M211-24
SCM,M214-24
SCM,M218-24
SCM,M235-24
SCM,M253-24
SCM,M263-24
SCM,BA005-24
SCM,BA021-24
SCM,BA029-24
SCM,BA055-24
SCM,IPM107-21
SCM,IPM115-21
SCM,IPM128-21
SCM,M022-24
SCM,M025-24
SCM,M043-24
SCM,M044-24
SCM,M045-24
SCM,M048-24
SCM,M049-24
SCM,M069-24
SCM,M077-24
SCM,M098-24
SCM,M099-23
SCM,M103-24
SCM,M105-23
SCM,M105-24
SCM,M110-24
SCM,M134-24
SCM,M139-24
SCM,M140-24
SCM,M145-24
SCM,M149-24
SCM,M178-24
SCM,M200-24
SCM,M204-24
SCM,M206-24
SCM,M216-24
SCM,M224-24
SCM,M231-24
SCM,M232-24
SCM,M234-24
SCM,M238-24
SCM,M240-24
SCM,M242-24
SCM,M244-24
SCM,M248-24
SCM,M254-24
SCM,M260-24
SCM,M264-24
SCM,M269-24
SCM,M271-24
PM,BA002-24
PM,BA011-24
PM,BA015-24
PM,BA022-24
PM,BA023-24
PM,BA038-24
PM,BA040-24
PM,BA043-24
PM,H006-24
PM,H014-24
PM,IPM044-21
PM,IPM050-21
PM,IPM062-21
PM,IPM128-21
PM,M004-24
PM,M017-24
PM,M019-24
PM,M031-24
PM,M042-24
PM,M067-24
PM,M069-24
PM,M070-24
PM,M077-24
PM,M084-24
PM,M098-24
PM,M103-24
PM,M134-24
PM,M143-24
PM,M149-24
PM,M153-24
PM,M169-24
PM,M173-24
PM,M197-24
PM,M205-24
PM,M206-24
PM,M208-24
PM,M214-24
PM,M216-24
PM,M218-24
PM,M224-24
PM,M230-24
PM,M239-24
PM,M249-23
PM,BA004-24
PM,BA005-24
PM,BA010-24
PM,BA013-24
PM,BA014-24
PM,BA020-24
PM,BA021-24
PM,BA029-24
PM,BA049-24
PM,BA054-24
PM,BA055-24
PM,H016-24
PM,H021-24
PM,H027-24
PM,H044-24
PM,IPM006-21
PM,IPM017-21
PM,IPM055-21
PM,IPM081-21
PM,IPM100-21
PM,IPM107-21
PM,M001-24
PM,M006-24
PM,M025-24
PM,M026-24
PM,M027-24
PM,M043-24
PM,M044-24
PM,M068-24
PM,M099-23
PM,M105-23
PM,M139-24
PM,M140-24
PM,M142-24
PM,M166-24
PM,M171-24
PM,M177-24
PM,M178-24
PM,M180-24
PM,M186-24
PM,M196-24
PM,M200-24
PM,M202-24
PM,M204-24
PM,M210-24
PM,M238-24
PM,M264-24
PM,M269-24
PM,M271-24
BMS,BA009-24
BMS,BA032-24
BMS,BA044-24
BMS,H030-24
BMS,IPM002-21
BMS,IPM020-21
BMS,IPM022-21
BMS,IPM029-21
BMS,IPM034-21
BMS,IPM037-21
BMS,IPM051-21
BMS,IPM059-21
BMS,IPM062-21
BMS,IPM093-21
BMS,IPM099-21
BMS,M010-24
BMS,M013-24
BMS,M019-24
BMS,M023-24
BMS,M026-24
BMS,M033-24
BMS,M040-24
BMS,M049-24
BMS,M055-24
BMS,M060-24
BMS,M069-24
BMS,M076-24
BMS,M082-24
BMS,M091-24
BMS,M096-24
BMS,M101-24
BMS,M118-24
BMS,M121-24
BMS,M125-23
BMS,M126-24
BMS,M136-24
BMS,M137-24
BMS,M145-24
BMS,M154-24
BMS,M159-24
BMS,M161-24
BMS,M172-24
BMS,M192-24
BMS,M200-23
BMS,M226-24
BMS,M238-24
BMS,M249-24
BMS,M253-24
SMTI,BA004-23
SMTI,BA006-24
SMTI,BA008-24
SMTI,H002-24
SMTI,H056-24
SMTI,H077-23
SMTI,IPM002-21
SMTI,IPM008-21
SMTI,IPM016-21
SMTI,IPM023-21
SMTI,IPM052-21
SMTI,IPM057-21
SMTI,IPM059-21
SMTI,IPM061-21
SMTI,IPM063-21
SMTI,IPM067-21
SMTI,IPM077-21
SMTI,IPM105-21
SMTI,IPM110-21
SMTI,IPM122-21
SMTI,IPM123-21
SMTI,M005-24
SMTI,M010-24
SMTI,M033-24
SMTI,M049-23
SMTI,M053-24
SMTI,M066-24
SMTI,M073-24
SMTI,M075-24
SMTI,M091-24
SMTI,M095-24
SMTI,M097-24
SMTI,M103-24
SMTI,M105-24
SMTI,M107-24
SMTI,M108-24
SMTI,M110-24
SMTI,M114-24
SMTI,M124-24
SMTI,M126-24
SMTI,M127-24
SMTI,M128-24
SMTI,M130-24
SMTI,M134-24
SMTI,M144-24
SMTI,M146-24
SMTI,M149-23
SMTI,M150-24
SMTI,M159-24
SMTI,M164-24
SMTI,M169-24
SMTI,M186-24
SMTI,M191-24
SMTI,M192-24
SMTI,M193-24
SMTI,M200-24
SMTI,M202-24
SMTI,M206-24
SMTI,M228-24
SMTI,M229-24
SMTI,M230-24
SMTI,M231-24
SMTI,M256-24
SMTI,M264-24
CCS,BA002-24
CCS,BA005-24
CCS,BA017-24
CCS,BA019-24
CCS,BA020-24
CCS,BA026-24
CCS,BA032-24
CCS,BA042-24
CCS,BA044-24
CCS,BA051-24
CCS,H005-24
CCS,H012-24
CCS,H017-24
CCS,H018-24
CCS,H019-24
CCS,H020-24
CCS,H028-24
CCS,H030-23
CCS,H032-24
CCS,H034-24
CCS,H035-24
CCS,H037-24
CCS,H039-24
CCS,H040-24
CCS,H045-24
CCS,H046-24
CCS,H049-23
CCS,H055-24
CCS,H057-24
CCS,H085-23
CCS,IPM008-21
CCS,IPM011-21
CCS,IPM015-21
CCS,IPM016-21
CCS,IPM020-21
CCS,IPM023-21
CCS,IPM037-21
CCS,IPM039-21
CCS,IPM044-21
CCS,IPM045-21
CCS,IPM053-21
CCS,IPM055-21
CCS,IPM057-21
CCS,IPM100-21
CCS,IPM102-21
CCS,M002-24
CCS,M003-24
CCS,M005-24
CCS,M010-23
CCS,M011-24
CCS,M012-24
CCS,M034-23
CCS,M037-24
CCS,M038-24
CCS,M041-24
CCS,M044-24
CCS,M049-24
CCS,M101-24
CCS,M047-24
CCS,M052-24
CCS,M053-24
CCS,M057-24
CCS,M063-24
CCS,M071-24
CCS,M074-24
CCS,M082-24
CCS,M083-24
CCS,M089-24
CCS,M090-24
CCS,M095-24
CCS,M099-24
CCS,M103-24
CCS,M111-24
CCS,M121-24
CCS,M128-24
CCS,M134-24
CCS,M136-24
CCS,M138-24
CCS,M141-24
CCS,M157-24
CCS,M170-24
CCS,M172-24
CCS,M176-24
CCS,M178-24
CCS,M180-24
CCS,M182-24
CCS,M184-24
CCS,M186-23
CCS,M189-24
CCS,M192-24
CCS,M194-24
CCS,M196-24
CCS,M199-24
CCS,M208-24
CCS,M210-24
CCS,M217-24
CCS,M219-24
CCS,M232-24
CCS,M237-24
CCS,M242-24
CCS,M244-23
CCS,M245-24
CCS,M247-24
CCS,M248-24
CCS,M249-24
CCS,M251-24
CCS,M253-24
CCS,M255-24
CCS,M257-24
CCS,M259-24
CCS,M261-24
CCS,M262-24
CCS,M266-24
DTI,BA008-24
DTI,BA019-24
DTI,BA038-24
DTI,H008-24
DTI,H031-24
DTI,IPM005-21
DTI,IPM013-21
DTI,IPM041-21
DTI,IPM050-21
DTI,IPM061-21
DTI,IPM070-21
DTI,IPM088-21
DTI,IPM117-21
DTI,M011-24
DTI,M016-24
DTI,M031-24
DTI,M045-24
DTI,M046-24
DTI,M051-24
DTI,M067-24
DTI,M073-24
DTI,M102-24
DTI,M122-24
DTI,M124-24
DTI,M125-24
DTI,M129-24
DTI,M131-24
DTI,M133-24
DTI,M144-24
DTI,M145-24
DTI,M147-24
DTI,M150-24
DTI,M151-24
DTI,M152-24
DTI,M157-24
DTI,M163-24
DTI,M164-24
DTI,M171-23
DTI,M182-24
DTI,M186-23
DTI,M196-24
DTI,M208-23
DTI,M209-24
DTI,M215-24
DTI,M227-24
DTI,M228-24
DTI,M229-24
DTI,M230-24
DTI,M239-24
DTI,M240-24
DTI,M244-23
DTI,M256-24
DTI,M265-24
DTI,BA002-24
DTI,BA006-24
DTI,BA011-24
DTI,H058-24
DTI,H083-23
DTI,IPM022-21
DTI,IPM029-21
DTI,IPM034-21
DTI,IPM039-21
DTI,IPM093-21
DTI,IPM102-21
DTI,IPM110-21
DTI,M005-24
DTI,M007-24
DTI,M010-24
DTI,M013-24
DTI,M034-23
DTI,M037-24
DTI,M040-23
DTI,M047-24
DTI,M055-24
DTI,M060-24
DTI,M063-24
DTI,M066-24
DTI,M089-24
DTI,M110-24
DTI,M116-24
DTI,M127-24
DTI,M128-24
DTI,M130-24
DTI,M132-24
DTI,M137-24
DTI,M142-24
DTI,M146-24
DTI,M153-24
DTI,M168-24
DTI,M171-24
DTI,M177-24
DTI,M184-24
DTI,M190-24
DTI,M191-24
DTI,M195-24
DTI,M231-24
DTI,M232-24
DTI,M234-24
DTI,M247-24
DTI,M248-24
DTI,M255-24
DTI,M269-24
DTI,M270-24
CS,BA011-24
CS,BA017-24
CS,BA018-24
CS,BA038-24
CS,H001-24
CS,H003-24
CS,H004-23
CS,H004-24
CS,H007-24
CS,H009-24
CS,H010-24
CS,H015-24
CS,H023-24
CS,H025-24
CS,H043-24
CS,H050-24
CS,H053-24
CS,H059-24
CS,IPM017-21
CS,IPM033-21
CS,IPM040-21
CS,IPM041-21
CS,IPM045-21
CS,IPM060-21
CS,IPM070-21
CS,IPM078-21
CS,IPM097-21
CS,IPM116-21
CS,M003-24
CS,M016-24
CS,M027-24
CS,M034-24
CS,M051-24
CS,M069-24
CS,M071-24
CS,M072-24
CS,M083-24
CS,M090-24
CS,M093-24
CS,M095-24
CS,M096-24
CS,M099-23
CS,M121-24
CS,M123-24
CS,M129-24
CS,M131-24
CS,M135-24
CS,M139-24
CS,M147-24
CS,M152-24
CS,M159-24
CS,M166-24
CS,M168-24
CS,M171-24
CS,M177-24
CS,M182-24
CS,M186-24
CS,M190-24
CS,M195-24
CS,M196-24
CS,M197-24
CS,M198-24
CS,M201-24
CS,M205-24
CS,M208-24
CS,M210-24
CS,M213-24
CS,M216-24
CS,M223-24
CS,M241-24
CS,M244-24
CS,M246-24
CS,M249-24
CS,M250-24
CS,M257-24
CS,M258-24
CS,BA007-24
CS,BA033-24
CS,BA042-24
CS,BA051-24
CS,H022-24
CS,H029-24
CS,H036-24
CS,H038-24
CS,H041-24
CS,H048-24
CS,H049-24
CS,H051-24
CS,IPM003-21
CS,IPM015-21
CS,IPM018-21
CS,IPM079-21
CS,IPM128-21
CS,M002-24
CS,M005-24
CS,M012-24
CS,M014-24
CS,M024-24
CS,M031-24
CS,M032-24
CS,M033-24
CS,M036-24
CS,M056-24
CS,M063-24
CS,M065-24
CS,M085-24
CS,M104-24
CS,M114-24
CS,M118-24
CS,M120-24
CS,M141-24
CS,M154-24
CS,M157-24
CS,M171-23
CS,M184-24
CS,M188-24
CS,M194-24
CS,M203-24
CS,M206-24
CS,M214-24
CS,M218-24
CS,M222-24
CS,M225-24
CS,M228-24
CS,M235-24
CS,M251-23
CS,M251-24
CS,M261-24
CS,M267-24
