section_id,student_id
DSMM_A,BA050-24
DSMM_A,IPM020-21
DSMM_A,IPM079-21
DSMM_A,IPM081-21
DSMM_A,IPM097-21
DSMM_A,IPM105-21
DSMM_A,IPM110-21
DSMM_A,M016-24
DSMM_A,M018-24
DSMM_A,M023-24
DSMM_A,M039-24
DSMM_A,M040-24
DSMM_A,M044-24
DSMM_A,M049-24
DSMM_A,M066-24
DSMM_A,M112-24
DSMM_A,M129-24
DSMM_A,M133-24
DSMM_A,M135-24
DSMM_A,M151-24
DSMM_A,M169-24
DSMM_A,M182-24
DSMM_A,M210-24
DSMM_A,M231-24
DSMM_A,M244-23
DSMM_A,M258-24
DSMM_A,M260-24
DSMM_A,BA004-23
DSMM_A,BA009-24
DSMM_A,BA024-24
DSMM_A,BA031-24
DSMM_A,BA042-24
DSMM_A,H042-24
DSMM_A,IPM002-21
DSMM_A,IPM008-21
DSMM_A,IPM037-21
DSMM_A,IPM050-21
DSMM_A,IPM052-21
DSMM_A,IPM056-21
DSMM_A,IPM058-21
DSMM_A,IPM062-21
DSMM_A,IPM077-21
DSMM_A,IPM100-21
DSMM_A,IPM123-21
DSMM_A,M020-24
DSMM_A,M025-24
DSMM_A,M035-24
DSMM_A,M042-24
DSMM_A,M046-24
DSMM_A,M070-24
DSMM_A,M096-24
DSMM_A,M099-24
DSMM_A,M114-24
DSMM_A,M124-24
DSMM_A,M127-24
DSMM_A,M147-24
DSMM_A,M149-24
DSMM_A,M153-24
DSMM_A,M189-24
DSMM_A,M191-24
DSMM_A,M199-24
DSMM_A,M200-24
DSMM_A,M213-24
DSMM_A,M219-24
DSMM_A,M221-24
DSMM_A,M238-24
DSMM_A,M242-24
DSMM_A,M247-24
DSMM_A,M256-24
DSMM_A,M264-24
DSMM_B,IPM023-21
DSMM_B,IPM051-21
DSMM_B,IPM057-21
DSMM_B,IPM063-21
DSMM_B,IPM070-21
DSMM_B,IPM094-21
DSMM_B,IPM099-21
DSMM_B,M010-23
DSMM_B,M013-24
DSMM_B,M015-24
DSMM_B,M029-24
DSMM_B,M031-24
DSMM_B,M040-23
DSMM_B,M053-24
DSMM_B,M082-24
DSMM_B,M099-23
DSMM_B,M115-24
DSMM_B,M123-24
DSMM_B,M136-24
DSMM_B,M144-24
DSMM_B,M163-24
DSMM_B,M180-24
DSMM_B,M186-23
DSMM_B,M192-24
DSMM_B,M211-24
DSMM_B,M251-23
DSMM_B,M263-24
DSMM_B,BA017-24
DSMM_B,BA023-24
DSMM_B,BA032-24
DSMM_B,BA035-24
DSMM_B,H052-24
DSMM_B,IPM003-21
DSMM_B,IPM006-21
DSMM_B,IPM009-21
DSMM_B,IPM034-21
DSMM_B,IPM041-21
DSMM_B,IPM053-21
DSMM_B,IPM078-21
DSMM_B,IPM102-21
DSMM_B,IPM117-21
DSMM_B,IPM122-21
DSMM_B,M004-24
DSMM_B,M043-24
DSMM_B,M051-24
DSMM_B,M063-24
DSMM_B,M075-24
DSMM_B,M084-24
DSMM_B,M089-24
DSMM_B,M103-24
DSMM_B,M105-23
DSMM_B,M106-24
DSMM_B,M125-23
DSMM_B,M128-24
DSMM_B,M134-24
DSMM_B,M149-23
DSMM_B,M150-24
DSMM_B,M170-24
DSMM_B,M171-24
DSMM_B,M190-24
DSMM_B,M194-24
DSMM_B,M198-24
DSMM_B,M209-24
DSMM_B,M216-24
DSMM_B,M220-24
DSMM_B,M226-24
DSMM_B,M228-24
DSMM_B,M239-24
DSMM_B,M261-24
DSMM_B,M265-24
PBM_A,BA009-24
PBM_A,BA022-24
PBM_A,BA024-24
PBM_A,BA033-24
PBM_A,IPM011-21
PBM_A,IPM017-21
PBM_A,IPM040-21
PBM_A,IPM060-21
PBM_A,IPM100-21
PBM_A,IPM118-21
PBM_A,M001-24
PBM_A,M014-24
PBM_A,M020-24
PBM_A,M025-24
PBM_A,M035-24
PBM_A,M042-24
PBM_A,M057-24
PBM_A,M072-24
PBM_A,M079-24
PBM_A,M099-24
PBM_A,M104-24
PBM_A,M114-24
PBM_A,M116-24
PBM_A,M124-24
PBM_A,M141-24
PBM_A,M147-24
PBM_A,M155-24
PBM_A,M191-24
PBM_A,M200-24
PBM_A,M204-24
PBM_A,M219-24
PBM_A,M225-24
PBM_A,M238-24
PBM_A,M247-24
PBM_A,M251-24
PBM_A,M256-24
PBM_A,BA007-24
PBM_A,BA015-24
PBM_A,BA018-24
PBM_A,BA031-24
PBM_A,BA036-24
PBM_A,BA040-24
PBM_A,IPM005-21
PBM_A,IPM052-21
PBM_A,IPM058-21
PBM_A,IPM071-21
PBM_A,IPM079-21
PBM_A,IPM097-21
PBM_A,IPM123-21
PBM_A,M003-24
PBM_A,M018-24
PBM_A,M039-24
PBM_A,M040-24
PBM_A,M044-24
PBM_A,M052-24
PBM_A,M120-24
PBM_A,M122-24
PBM_A,M149-24
PBM_A,M169-24
PBM_A,M185-24
PBM_A,M186-24
PBM_A,M206-24
PBM_A,M215-24
PBM_A,M217-24
PBM_A,M221-24
PBM_A,M223-24
PBM_A,M227-24
PBM_A,M245-24
PBM_A,M254-24
PBM_A,M260-24
PBM_B,BA004-24
PBM_B,BA025-24
PBM_B,IPM018-21
PBM_B,IPM032-21
PBM_B,IPM041-21
PBM_B,IPM088-21
PBM_B,M006-24
PBM_B,M034-24
PBM_B,M043-24
PBM_B,M058-24
PBM_B,M065-24
PBM_B,M084-24
PBM_B,M089-24
PBM_B,M108-24
PBM_B,M118-24
PBM_B,M128-24
PBM_B,M130-24
PBM_B,M132-24
PBM_B,M134-24
PBM_B,M142-24
PBM_B,M168-24
PBM_B,M177-24
PBM_B,M196-24
PBM_B,M205-24
PBM_B,M209-24
PBM_B,M226-24
PBM_B,M232-24
PBM_B,M235-24
PBM_B,M248-24
PBM_B,M259-24
PBM_B,M267-24
PBM_B,M269-24
PBM_B,BA003-24
PBM_B,BA014-24
PBM_B,BA028-24
PBM_B,BA030-24
PBM_B,BA035-24
PBM_B,BA037-24
PBM_B,BA039-24
PBM_B,BA046-24
PBM_B,BA052-24
PBM_B,IPM006-21
PBM_B,IPM021-21
PBM_B,IPM061-21
PBM_B,IPM070-21
PBM_B,IPM072-21
PBM_B,IPM078-21
PBM_B,IPM122-21
PBM_B,M002-24
PBM_B,M011-24
PBM_B,M015-24
PBM_B,M022-24
PBM_B,M029-24
PBM_B,M038-24
PBM_B,M041-24
PBM_B,M045-24
PBM_B,M091-24
PBM_B,M105-23
PBM_B,M106-24
PBM_B,M123-24
PBM_B,M126-24
PBM_B,M144-24
PBM_B,M154-24
PBM_B,M170-24
PBM_B,M175-24
PBM_B,M201-24
PBM_B,M211-24
PBM_B,M214-24
PBM_B,M265-24
PBM_B,M266-24
SDM_A,IPM022-21
SDM_A,IPM040-21
SDM_A,IPM060-21
SDM_A,IPM079-21
SDM_A,IPM100-21
SDM_A,IPM110-21
SDM_A,M003-24
SDM_A,M014-24
SDM_A,M018-24
SDM_A,M035-24
SDM_A,M049-24
SDM_A,M068-24
SDM_A,M093-24
SDM_A,M096-24
SDM_A,M098-24
SDM_A,M116-24
SDM_A,M120-24
SDM_A,M127-24
SDM_A,M135-24
SDM_A,M141-24
SDM_A,M145-24
SDM_A,M182-24
SDM_A,M185-24
SDM_A,M199-24
SDM_A,M200-24
SDM_A,M208-24
SDM_A,M210-24
SDM_A,M215-24
SDM_A,M217-24
SDM_A,M225-24
SDM_A,M227-24
SDM_A,M229-24
SDM_A,M231-24
SDM_A,M244-23
SDM_A,M247-24
SDM_A,M249-23
SDM_A,BA047-24
SDM_A,IPM005-21
SDM_A,IPM058-21
SDM_A,IPM081-21
SDM_A,IPM116-21
SDM_A,IPM118-21
SDM_A,IPM123-21
SDM_A,M001-24
SDM_A,M020-24
SDM_A,M034-23
SDM_A,M044-24
SDM_A,M046-24
SDM_A,M048-24
SDM_A,M066-24
SDM_A,M107-24
SDM_A,M110-24
SDM_A,M125-24
SDM_A,M133-24
SDM_A,M147-24
SDM_A,M149-24
SDM_A,M155-24
SDM_A,M164-24
SDM_A,M176-24
SDM_A,M178-24
SDM_A,M186-24
SDM_A,M206-24
SDM_A,M221-24
SDM_A,M234-24
SDM_A,M242-24
SDM_A,M251-24
SDM_A,M256-24
SDM_A,M258-24
SDM_A,M262-24
SDM_A,M270-24
SDM_B,IPM009-21
SDM_B,IPM053-21
SDM_B,IPM094-21
SDM_B,IPM107-21
SDM_B,IPM122-21
SDM_B,IPM128-21
SDM_B,M006-24
SDM_B,M010-23
SDM_B,M015-24
SDM_B,M033-24
SDM_B,M038-24
SDM_B,M041-24
SDM_B,M089-24
SDM_B,M091-24
SDM_B,M101-24
SDM_B,M111-24
SDM_B,M113-24
SDM_B,M115-24
SDM_B,M118-24
SDM_B,M123-24
SDM_B,M132-24
SDM_B,M150-24
SDM_B,M161-24
SDM_B,M165-24
SDM_B,M168-24
SDM_B,M173-24
SDM_B,M192-24
SDM_B,M205-24
SDM_B,M208-23
SDM_B,M235-24
SDM_B,M239-24
SDM_B,M253-24
SDM_B,M265-24
SDM_B,BA003-24
SDM_B,BA037-24
SDM_B,BA039-24
SDM_B,BA046-24
SDM_B,BA048-24
SDM_B,IPM006-21
SDM_B,IPM013-21
SDM_B,IPM016-21
SDM_B,IPM044-21
SDM_B,IPM070-21
SDM_B,IPM078-21
SDM_B,IPM080-21
SDM_B,IPM117-21
SDM_B,M002-24
SDM_B,M011-24
SDM_B,M022-24
SDM_B,M029-24
SDM_B,M031-24
SDM_B,M045-24
SDM_B,M051-24
SDM_B,M067-24
SDM_B,M138-24
SDM_B,M146-24
SDM_B,M157-24
SDM_B,M171-24
SDM_B,M175-24
SDM_B,M186-23
SDM_B,M220-24
SDM_B,M228-24
SDM_B,M241-24
SDM_B,M243-24
SDM_B,M246-24
SDM_B,M255-24
SDM_B,M263-24
SDM_B,M264-24
SDM_B,M267-24
CRM_A,BA013-24
CRM_A,BA020-24
CRM_A,BA031-24
CRM_A,BA044-24
CRM_A,H072-23
CRM_A,IPM002-21
CRM_A,IPM015-21
CRM_A,IPM020-21
CRM_A,IPM040-21
CRM_A,IPM097-21
CRM_A,IPM105-21
CRM_A,M001-24
CRM_A,M014-24
CRM_A,M023-24
CRM_A,M046-24
CRM_A,M068-24
CRM_A,M079-24
CRM_A,M116-24
CRM_A,M141-24
CRM_A,M151-24
CRM_A,M164-24
CRM_A,M176-24
CRM_A,M195-24
CRM_A,M213-24
CRM_A,M219-24
CRM_A,M223-24
CRM_A,M238-24
CRM_A,M250-24
CRM_A,M260-24
CRM_A,M264-24
CRM_A,M270-24
CRM_A,BA009-24
CRM_A,BA054-24
CRM_A,IPM008-21
CRM_A,IPM022-21
CRM_A,IPM037-21
CRM_A,IPM045-21
CRM_A,IPM067-21
CRM_A,IPM077-21
CRM_A,M010-24
CRM_A,M016-24
CRM_A,M030-24
CRM_A,M034-23
CRM_A,M048-24
CRM_A,M055-24
CRM_A,M057-24
CRM_A,M076-24
CRM_A,M099-24
CRM_A,M112-24
CRM_A,M122-24
CRM_A,M125-24
CRM_A,M129-24
CRM_A,M133-24
CRM_A,M155-24
CRM_A,M178-24
CRM_A,M204-24
CRM_A,M217-24
CRM_A,M231-24
CRM_A,M234-24
CRM_A,M240-24
CRM_A,M242-24
CRM_A,M244-23
CRM_A,M262-24
CRM_B,BA010-24
CRM_B,BA012-24
CRM_B,BA021-24
CRM_B,IPM003-21
CRM_B,IPM023-21
CRM_B,IPM034-21
CRM_B,IPM039-21
CRM_B,IPM048-21
CRM_B,IPM053-21
CRM_B,IPM055-21
CRM_B,IPM057-21
CRM_B,IPM059-21
CRM_B,IPM088-21
CRM_B,IPM099-21
CRM_B,IPM112-21
CRM_B,M006-24
CRM_B,M013-24
CRM_B,M022-24
CRM_B,M034-24
CRM_B,M038-24
CRM_B,M051-24
CRM_B,M065-24
CRM_B,M075-24
CRM_B,M082-24
CRM_B,M099-23
CRM_B,M126-24
CRM_B,M136-24
CRM_B,M138-24
CRM_B,M146-24
CRM_B,M149-23
CRM_B,M163-24
CRM_B,M208-23
CRM_B,M237-24
CRM_B,M241-24
CRM_B,M249-24
CRM_B,M251-23
CRM_B,BA006-24
CRM_B,BA032-24
CRM_B,BA048-24
CRM_B,IPM009-21
CRM_B,IPM032-21
CRM_B,IPM051-21
CRM_B,IPM063-21
CRM_B,IPM094-21
CRM_B,IPM107-21
CRM_B,M010-23
CRM_B,M017-24
CRM_B,M019-24
CRM_B,M031-24
CRM_B,M033-24
CRM_B,M041-24
CRM_B,M053-24
CRM_B,M073-24
CRM_B,M089-24
CRM_B,M101-24
CRM_B,M111-24
CRM_B,M113-24
CRM_B,M125-23
CRM_B,M132-24
CRM_B,M165-24
CRM_B,M168-24
CRM_B,M170-24
CRM_B,M186-23
CRM_B,M188-24
CRM_B,M190-24
CRM_B,M200-23
CRM_B,M216-24
CRM_B,M243-24
CRM_B,M263-24
CRM_B,M269-24
CS_A,BA011-24
CS_A,BA018-24
CS_A,BA038-24
CS_A,H001-24
CS_A,H003-24
CS_A,H004-24
CS_A,H010-24
CS_A,H015-24
CS_A,H023-24
CS_A,H053-24
CS_A,IPM017-21
CS_A,IPM033-21
CS_A,IPM040-21
CS_A,IPM045-21
CS_A,IPM060-21
CS_A,IPM097-21
CS_A,IPM116-21
CS_A,M003-24
CS_A,M016-24
CS_A,M027-24
CS_A,M072-24
CS_A,M083-24
CS_A,M090-24
CS_A,M093-24
CS_A,M096-24
CS_A,M129-24
CS_A,M131-24
CS_A,M135-24
CS_A,M139-24
CS_A,M147-24
CS_A,M159-24
CS_A,M166-24
CS_A,M182-24
CS_A,M186-24
CS_A,M195-24
CS_A,M197-24
CS_A,M208-24
CS_A,M210-24
CS_A,M213-24
CS_A,M223-24
CS_A,M250-24
CS_A,M258-24
CS_A,BA007-24
CS_A,BA033-24
CS_A,BA042-24
CS_A,BA051-24
CS_A,H036-24
CS_A,H038-24
CS_A,H048-24
CS_A,H049-24
CS_A,H051-24
CS_A,IPM015-21
CS_A,IPM079-21
CS_A,M005-24
CS_A,M012-24
CS_A,M014-24
CS_A,M032-24
CS_A,M085-24
CS_A,M104-24
CS_A,M114-24
CS_A,M120-24
CS_A,M141-24
CS_A,M171-23
CS_A,M206-24
CS_A,M225-24
CS_A,M251-24
CS_B,BA017-24
CS_B,H004-23
CS_B,H007-24
CS_B,H009-24
CS_B,H025-24
CS_B,H043-24
CS_B,H050-24
CS_B,H059-24
CS_B,IPM041-21
CS_B,IPM070-21
CS_B,IPM078-21
CS_B,M034-24
CS_B,M051-24
CS_B,M069-24
CS_B,M071-24
CS_B,M095-24
CS_B,M099-23
CS_B,M121-24
CS_B,M123-24
CS_B,M152-24
CS_B,M168-24
CS_B,M171-24
CS_B,M177-24
CS_B,M190-24
CS_B,M196-24
CS_B,M198-24
CS_B,M201-24
CS_B,M205-24
CS_B,M216-24
CS_B,M241-24
CS_B,M244-24
CS_B,M246-24
CS_B,M249-24
CS_B,M257-24
CS_B,H022-24
CS_B,H029-24
CS_B,H041-24
CS_B,IPM003-21
CS_B,IPM018-21
CS_B,IPM128-21
CS_B,M002-24
CS_B,M024-24
CS_B,M031-24
CS_B,M033-24
CS_B,M036-24
CS_B,M056-24
CS_B,M063-24
CS_B,M065-24
CS_B,M118-24
CS_B,M154-24
CS_B,M157-24
CS_B,M184-24
CS_B,M188-24
CS_B,M194-24
CS_B,M203-24
CS_B,M214-24
CS_B,M218-24
CS_B,M222-24
CS_B,M228-24
CS_B,M235-24
CS_B,M251-23
CS_B,M261-24
CS_B,M267-24
IMKT_A,BA015-24
IMKT_A,BA026-24
IMKT_A,BA029-24
IMKT_A,BA040-24
IMKT_A,BA049-24
IMKT_A,IPM011-21
IMKT_A,IPM033-21
IMKT_A,IPM114-21
IMKT_A,IPM118-21
IMKT_A,M023-24
IMKT_A,M048-24
IMKT_A,M055-24
IMKT_A,M057-24
IMKT_A,M085-24
IMKT_A,M102-24
IMKT_A,M105-24
IMKT_A,M116-24
IMKT_A,M137-24
IMKT_A,M159-24
IMKT_A,M204-24
IMKT_A,M217-24
IMKT_A,M229-24
IMKT_A,M240-24
IMKT_A,M251-24
IMKT_A,M258-24
IMKT_A,BA007-24
IMKT_A,BA022-24
IMKT_A,BA024-24
IMKT_A,BA033-24
IMKT_A,BA036-24
IMKT_A,BA044-24
IMKT_A,BA047-24
IMKT_A,BA054-24
IMKT_A,IPM002-21
IMKT_A,IPM015-21
IMKT_A,IPM020-21
IMKT_A,IPM045-21
IMKT_A,IPM073-21
IMKT_A,IPM087-21
IMKT_A,M001-24
IMKT_A,M010-24
IMKT_A,M046-24
IMKT_A,M049-24
IMKT_A,M093-24
IMKT_A,M096-24
IMKT_A,M124-24
IMKT_A,M145-24
IMKT_A,M172-24
IMKT_A,M189-24
IMKT_A,M215-24
IMKT_A,M221-24
IMKT_A,M225-24
IMKT_A,M227-24
IMKT_A,M249-23
IMKT_A,M254-24
IMKT_A,M268-24
IMKT_B,BA010-24
IMKT_B,BA014-24
IMKT_B,BA025-24
IMKT_B,BA028-24
IMKT_B,BA037-24
IMKT_B,BA039-24
IMKT_B,BA048-24
IMKT_B,H047-24
IMKT_B,IPM039-21
IMKT_B,IPM061-21
IMKT_B,M010-23
IMKT_B,M013-24
IMKT_B,M049-23
IMKT_B,M067-24
IMKT_B,M126-24
IMKT_B,M130-24
IMKT_B,M132-24
IMKT_B,M144-24
IMKT_B,M152-24
IMKT_B,M154-24
IMKT_B,M165-24
IMKT_B,M184-24
IMKT_B,M186-23
IMKT_B,M200-23
IMKT_B,M205-24
IMKT_B,M214-24
IMKT_B,M230-24
IMKT_B,M235-24
IMKT_B,M237-24
IMKT_B,M248-24
IMKT_B,M271-24
IMKT_B,BA003-24
IMKT_B,BA004-24
IMKT_B,BA012-24
IMKT_B,BA030-24
IMKT_B,BA035-24
IMKT_B,BA041-24
IMKT_B,BA043-24
IMKT_B,BA052-24
IMKT_B,BA055-24
IMKT_B,H011-24
IMKT_B,IPM016-21
IMKT_B,IPM023-21
IMKT_B,IPM034-21
IMKT_B,IPM041-21
IMKT_B,IPM048-21
IMKT_B,IPM051-21
IMKT_B,IPM053-21
IMKT_B,IPM057-21
IMKT_B,IPM088-21
IMKT_B,IPM094-21
IMKT_B,IPM102-21
IMKT_B,IPM112-21
IMKT_B,IPM117-21
IMKT_B,M073-24
IMKT_B,M157-24
IMKT_B,M170-24
IMKT_B,M175-24
IMKT_B,M180-24
IMKT_B,M190-24
IMKT_B,M203-24
IMKT_B,M209-24
IMKT_B,M232-24
IMKT_B,M251-23
IMKT_B,M255-24
IMKT_B,M257-24
IMKT_B,M261-24
IMKT_B,M267-24
IMC_A,H026-24
IMC_A,IPM005-21
IMC_A,IPM008-21
IMC_A,IPM011-21
IMC_A,IPM043-21
IMC_A,IPM045-21
IMC_A,IPM050-21
IMC_A,IPM054-21
IMC_A,IPM067-21
IMC_A,IPM071-21
IMC_A,IPM110-21
IMC_A,IPM116-21
IMC_A,M003-24
IMC_A,M016-24
IMC_A,M034-23
IMC_A,M042-24
IMC_A,M046-24
IMC_A,M057-24
IMC_A,M070-24
IMC_A,M072-24
IMC_A,M098-24
IMC_A,M125-24
IMC_A,M129-24
IMC_A,M131-24
IMC_A,M133-24
IMC_A,M147-24
IMC_A,M151-24
IMC_A,M169-24
IMC_A,M174-24
IMC_A,M176-24
IMC_A,M182-24
IMC_A,M185-24
IMC_A,M208-24
IMC_A,M215-24
IMC_A,M256-24
IMC_A,BA013-24
IMC_A,BA026-24
IMC_A,BA044-24
IMC_A,IPM040-21
IMC_A,IPM052-21
IMC_A,IPM056-21
IMC_A,IPM079-21
IMC_A,IPM081-21
IMC_A,M023-24
IMC_A,M030-24
IMC_A,M066-24
IMC_A,M074-24
IMC_A,M076-24
IMC_A,M090-24
IMC_A,M107-24
IMC_A,M112-24
IMC_A,M116-24
IMC_A,M127-24
IMC_A,M137-24
IMC_A,M155-24
IMC_A,M159-24
IMC_A,M162-24
IMC_A,M191-24
IMC_A,M213-24
IMC_A,M247-24
IMC_A,M268-24
IMC_A,M270-24
IMC_B,BA019-24
IMC_B,BA046-24
IMC_B,BA050-24
IMC_B,IPM023-21
IMC_B,IPM063-21
IMC_B,IPM080-21
IMC_B,IPM099-21
IMC_B,IPM102-21
IMC_B,M011-24
IMC_B,M017-24
IMC_B,M019-24
IMC_B,M022-24
IMC_B,M034-24
IMC_B,M045-24
IMC_B,M049-23
IMC_B,M051-24
IMC_B,M067-24
IMC_B,M069-24
IMC_B,M071-24
IMC_B,M073-24
IMC_B,M075-24
IMC_B,M095-24
IMC_B,M097-24
IMC_B,M111-24
IMC_B,M121-24
IMC_B,M150-24
IMC_B,M152-24
IMC_B,M163-24
IMC_B,M168-24
IMC_B,M173-24
IMC_B,M198-24
IMC_B,M205-24
IMC_B,M209-24
IMC_B,M246-24
IMC_B,BA012-24
IMC_B,IPM003-21
IMC_B,IPM016-21
IMC_B,IPM051-21
IMC_B,IPM122-21
IMC_B,IPM128-21
IMC_B,M006-24
IMC_B,M041-24
IMC_B,M058-24
IMC_B,M063-24
IMC_B,M082-24
IMC_B,M084-24
IMC_B,M099-23
IMC_B,M105-23
IMC_B,M128-24
IMC_B,M130-24
IMC_B,M132-24
IMC_B,M136-24
IMC_B,M149-23
IMC_B,M161-24
IMC_B,M180-24
IMC_B,M216-24
IMC_B,M222-24
IMC_B,M249-24
IMC_B,M251-23
IMC_B,M253-24
FIS_A,BA022-24
FIS_A,BA026-24
FIS_A,IPM043-21
FIS_A,IPM060-21
FIS_A,IPM071-21
FIS_A,IPM073-21
FIS_A,IPM079-21
FIS_A,IPM093-21
FIS_A,IPM105-21
FIS_A,M020-24
FIS_A,M030-24
FIS_A,M037-24
FIS_A,M040-24
FIS_A,M064-24
FIS_A,M079-24
FIS_A,M083-24
FIS_A,M085-24
FIS_A,M090-24
FIS_A,M104-24
FIS_A,M135-24
FIS_A,M171-23
FIS_A,M172-24
FIS_A,M185-24
FIS_A,M199-24
FIS_A,M225-24
FIS_A,M227-24
FIS_A,M245-24
FIS_A,M250-24
FIS_A,M268-24
FIS_A,BA018-24
FIS_A,BA024-24
FIS_A,BA031-24
FIS_A,BA040-24
FIS_A,IPM029-21
FIS_A,IPM033-21
FIS_A,IPM054-21
FIS_A,IPM077-21
FIS_A,IPM087-21
FIS_A,IPM114-21
FIS_A,M007-24
FIS_A,M025-24
FIS_A,M032-24
FIS_A,M039-24
FIS_A,M052-24
FIS_A,M060-24
FIS_A,M072-24
FIS_A,M074-24
FIS_A,M102-24
FIS_A,M120-24
FIS_A,M131-24
FIS_A,M162-24
FIS_A,M164-24
FIS_A,M174-24
FIS_A,M189-24
FIS_A,M195-24
FIS_A,M202-24
FIS_A,M223-24
FIS_A,M236-24
FIS_A,M254-24
FIS_A,M266-24
FIS_B,BA008-24
FIS_B,BA030-24
FIS_B,BA039-24
FIS_B,IPM021-21
FIS_B,IPM048-21
FIS_B,IPM076-21
FIS_B,IPM112-21
FIS_B,IPM122-21
FIS_B,M002-24
FIS_B,M013-24
FIS_B,M024-24
FIS_B,M029-24
FIS_B,M056-24
FIS_B,M065-24
FIS_B,M106-24
FIS_B,M108-24
FIS_B,M113-24
FIS_B,M115-24
FIS_B,M152-24
FIS_B,M173-24
FIS_B,M175-24
FIS_B,M218-24
FIS_B,M222-24
FIS_B,M226-24
FIS_B,M235-24
FIS_B,M237-24
FIS_B,M239-24
FIS_B,BA003-24
FIS_B,BA028-24
FIS_B,BA043-24
FIS_B,IPM018-21
FIS_B,IPM072-21
FIS_B,IPM085-21
FIS_B,IPM115-21
FIS_B,M017-24
FIS_B,M036-24
FIS_B,M047-24
FIS_B,M053-24
FIS_B,M077-24
FIS_B,M138-24
FIS_B,M140-24
FIS_B,M161-24
FIS_B,M188-24
FIS_B,M194-24
FIS_B,M201-24
FIS_B,M203-24
FIS_B,M211-24
FIS_B,M224-24
FIS_B,M241-24
FIS_B,M243-24
FIS_B,M244-24
FIS_B,M257-24
FIS_B,M259-24
FIS_B,M267-24
CCS_A,BA002-24
CCS_A,BA005-24
CCS_A,BA020-24
CCS_A,BA026-24
CCS_A,BA042-24
CCS_A,BA044-24
CCS_A,BA051-24
CCS_A,H012-24
CCS_A,H017-24
CCS_A,H019-24
CCS_A,H028-24
CCS_A,H030-23
CCS_A,H034-24
CCS_A,H040-24
CCS_A,H046-24
CCS_A,IPM008-21
CCS_A,IPM011-21
CCS_A,IPM015-21
CCS_A,IPM020-21
CCS_A,IPM037-21
CCS_A,IPM045-21
CCS_A,IPM100-21
CCS_A,M003-24
CCS_A,M005-24
CCS_A,M012-24
CCS_A,M034-23
CCS_A,M037-24
CCS_A,M044-24
CCS_A,M049-24
CCS_A,M052-24
CCS_A,M057-24
CCS_A,M074-24
CCS_A,M083-24
CCS_A,M090-24
CCS_A,M099-24
CCS_A,M141-24
CCS_A,M172-24
CCS_A,M176-24
CCS_A,M178-24
CCS_A,M182-24
CCS_A,M189-24
CCS_A,M199-24
CCS_A,M208-24
CCS_A,M210-24
CCS_A,M217-24
CCS_A,M219-24
CCS_A,M242-24
CCS_A,M244-23
CCS_A,M245-24
CCS_A,M247-24
CCS_A,M251-24
CCS_A,M262-24
CCS_A,M266-24
CCS_B,BA017-24
CCS_B,BA019-24
CCS_B,BA032-24
CCS_B,H005-24
CCS_B,H018-24
CCS_B,H020-24
CCS_B,H032-24
CCS_B,H035-24
CCS_B,H037-24
CCS_B,H039-24
CCS_B,H045-24
CCS_B,H049-23
CCS_B,H055-24
CCS_B,H057-24
CCS_B,H085-23
CCS_B,IPM016-21
CCS_B,IPM023-21
CCS_B,IPM039-21
CCS_B,IPM044-21
CCS_B,IPM053-21
CCS_B,IPM055-21
CCS_B,IPM057-21
CCS_B,IPM102-21
CCS_B,M002-24
CCS_B,M010-23
CCS_B,M011-24
CCS_B,M038-24
CCS_B,M041-24
CCS_B,M101-24
CCS_B,M047-24
CCS_B,M053-24
CCS_B,M063-24
CCS_B,M071-24
CCS_B,M082-24
CCS_B,M089-24
CCS_B,M095-24
CCS_B,M103-24
CCS_B,M111-24
CCS_B,M121-24
CCS_B,M128-24
CCS_B,M134-24
CCS_B,M136-24
CCS_B,M138-24
CCS_B,M157-24
CCS_B,M170-24
CCS_B,M180-24
CCS_B,M184-24
CCS_B,M186-23
CCS_B,M192-24
CCS_B,M194-24
CCS_B,M196-24
CCS_B,M232-24
CCS_B,M237-24
CCS_B,M248-24
CCS_B,M249-24
CCS_B,M253-24
CCS_B,M255-24
CCS_B,M257-24
CCS_B,M259-24
CCS_B,M261-24
CB_A,BA004-23
CB_A,IPM002-21
CB_A,IPM056-21
CB_A,IPM071-21
CB_A,IPM116-21
CB_A,IPM123-21
CB_A,M005-24
CB_A,M020-24
CB_A,M070-24
CB_A,M105-24
CB_A,M114-24
CB_A,M151-24
CB_A,M176-24
CB_A,M199-24
CB_A,M208-24
CB_A,M221-24
CB_A,M223-24
CB_A,M236-24
CB_A,M245-24
CB_A,M249-23
CB_A,M250-24
CB_A,M251-24
CB_A,M258-24
CB_A,M266-24
CB_A,BA047-24
CB_A,IPM011-21
CB_A,IPM015-21
CB_A,IPM037-21
CB_A,IPM045-21
CB_A,IPM052-21
CB_A,IPM067-21
CB_A,IPM097-21
CB_A,IPM114-21
CB_A,M010-24
CB_A,M014-24
CB_A,M048-24
CB_A,M052-24
CB_A,M055-24
CB_A,M057-24
CB_A,M068-24
CB_A,M085-24
CB_A,M107-24
CB_A,M122-24
CB_A,M145-24
CB_A,M159-24
CB_A,M164-24
CB_A,M217-24
CB_A,M229-24
CB_A,M234-24
CB_A,M240-24
CB_A,M262-24
CB_B,BA041-24
CB_B,BA046-24
CB_B,IPM013-21
CB_B,IPM044-21
CB_B,IPM059-21
CB_B,IPM061-21
CB_B,IPM080-21
CB_B,IPM117-21
CB_B,M002-24
CB_B,M004-24
CB_B,M015-24
CB_B,M029-24
CB_B,M043-24
CB_B,M045-24
CB_B,M047-24
CB_B,M071-24
CB_B,M097-24
CB_B,M103-24
CB_B,M149-23
CB_B,M180-24
CB_B,M184-24
CB_B,M198-24
CB_B,M224-24
CB_B,M228-24
CB_B,M248-24
CB_B,M251-23
CB_B,M261-24
CB_B,BA050-24
CB_B,IPM009-21
CB_B,IPM055-21
CB_B,IPM063-21
CB_B,IPM078-21
CB_B,IPM088-21
CB_B,IPM094-21
CB_B,IPM099-21
CB_B,M017-24
CB_B,M024-24
CB_B,M040-23
CB_B,M049-23
CB_B,M053-24
CB_B,M058-24
CB_B,M063-24
CB_B,M073-24
CB_B,M091-24
CB_B,M101-24
CB_B,M113-24
CB_B,M121-24
CB_B,M142-24
CB_B,M165-24
CB_B,M171-24
CB_B,M177-24
CB_B,M208-23
CB_B,M220-24
CB_B,M230-24
CB_B,M232-24
CB_B,M243-24
CB_B,M249-24
CB_B,M253-24
CB_B,M255-24
CB_B,M265-24
DT_A,BA002-24
DT_A,BA004-23
DT_A,BA009-24
DT_A,BA013-24
DT_A,BA015-24
DT_A,BA018-24
DT_A,BA020-24
DT_A,BA026-24
DT_A,BA029-24
DT_A,BA033-24
DT_A,BA038-24
DT_A,BA040-24
DT_A,IPM071-21
DT_A,M027-24
DT_A,M060-24
DT_A,M099-24
DT_A,M105-24
DT_A,M110-24
DT_A,M114-24
DT_A,M139-24
DT_A,M143-24
DT_A,M166-24
DT_A,M178-24
DT_A,M213-24
DT_A,M258-24
DT_A,BA005-24
DT_A,BA007-24
DT_A,BA011-24
DT_A,BA022-24
DT_A,BA036-24
DT_A,BA042-24
DT_A,BA044-24
DT_A,BA047-24
DT_A,BA049-24
DT_A,BA051-24
DT_A,BA054-24
DT_A,IPM097-21
DT_A,M012-24
DT_A,M023-24
DT_A,M032-24
DT_A,M035-24
DT_A,M042-24
DT_A,M064-24
DT_A,M068-24
DT_A,M096-24
DT_A,M098-24
DT_A,M141-24
DT_A,M171-23
DT_A,M197-24
DT_A,M215-24
DT_A,M219-24
DT_A,M249-23
DT_A,M260-24
DT_A,M268-24
DT_B,BA003-24
DT_B,BA006-24
DT_B,BA008-24
DT_B,BA012-24
DT_B,BA014-24
DT_B,BA017-24
DT_B,BA025-24
DT_B,BA028-24
DT_B,BA030-24
DT_B,BA032-24
DT_B,BA035-24
DT_B,BA039-24
DT_B,BA041-24
DT_B,BA046-24
DT_B,BA052-24
DT_B,BA055-24
DT_B,IPM061-21
DT_B,M006-24
DT_B,M015-24
DT_B,M022-24
DT_B,M036-24
DT_B,M075-24
DT_B,M095-24
DT_B,M097-24
DT_B,M125-23
DT_B,M198-24
DT_B,M246-24
DT_B,BA004-24
DT_B,BA010-24
DT_B,BA019-24
DT_B,BA021-24
DT_B,BA037-24
DT_B,BA043-24
DT_B,BA048-24
DT_B,BA050-24
DT_B,IPM003-21
DT_B,IPM006-21
DT_B,IPM009-21
DT_B,IPM034-21
DT_B,IPM039-21
DT_B,IPM041-21
DT_B,IPM048-21
DT_B,IPM072-21
DT_B,IPM076-21
DT_B,IPM080-21
DT_B,IPM085-21
DT_B,IPM102-21
DT_B,M004-24
DT_B,M024-24
DT_B,M026-24
DT_B,M040-23
DT_B,M069-24
DT_B,M105-23
DT_B,M200-23
DT_B,M208-23
DT_B,M220-24
IM_A,BA036-24
IM_A,BA038-24
IM_A,IPM017-21
IM_A,IPM043-21
IM_A,IPM060-21
IM_A,IPM105-21
IM_A,M018-24
IM_A,M027-24
IM_A,M040-24
IM_A,M090-24
IM_A,M093-24
IM_A,M129-24
IM_A,M199-24
IM_A,M204-24
IM_A,M227-24
IM_A,M245-24
IM_A,BA018-24
IM_A,BA020-24
IM_A,BA051-24
IM_A,IPM029-21
IM_A,IPM033-21
IM_A,IPM054-21
IM_A,IPM073-21
IM_A,IPM077-21
IM_A,IPM114-21
IM_A,M003-24
IM_A,M007-24
IM_A,M016-24
IM_A,M030-24
IM_A,M032-24
IM_A,M035-24
IM_A,M037-24
IM_A,M039-24
IM_A,M052-24
IM_A,M064-24
IM_A,M072-24
IM_A,M074-24
IM_A,M079-24
IM_A,M085-24
IM_A,M102-24
IM_A,M120-24
IM_A,M131-24
IM_A,M135-24
IM_A,M143-24
IM_A,M162-24
IM_A,M174-24
IM_A,M176-24
IM_A,M185-24
IM_A,M189-24
IM_A,M193-24
IM_A,M195-24
IM_A,M225-24
IM_A,M236-24
IM_A,M254-24
IM_A,M266-24
IM_A,M268-24
IM_B,BA008-24
IM_B,BA025-24
IM_B,BA052-24
IM_B,IPM032-21
IM_B,IPM048-21
IM_B,IPM088-21
IM_B,IPM112-21
IM_B,M034-24
IM_B,M108-24
IM_B,M113-24
IM_B,M118-24
IM_B,M126-24
IM_B,M152-24
IM_B,M157-24
IM_B,M177-24
IM_B,M218-24
IM_B,M226-24
IM_B,M237-24
IM_B,M271-24
IM_B,BA023-24
IM_B,IPM018-21
IM_B,IPM021-21
IM_B,IPM072-21
IM_B,IPM076-21
IM_B,IPM085-21
IM_B,IPM115-21
IM_B,M015-24
IM_B,M024-24
IM_B,M047-24
IM_B,M056-24
IM_B,M065-24
IM_B,M077-24
IM_B,M095-24
IM_B,M106-24
IM_B,M115-24
IM_B,M138-24
IM_B,M140-24
IM_B,M150-24
IM_B,M161-24
IM_B,M175-24
IM_B,M184-24
IM_B,M188-24
IM_B,M194-24
IM_B,M201-24
IM_B,M203-24
IM_B,M222-24
IM_B,M224-24
IM_B,M241-24
IM_B,M243-24
IM_B,M244-24
IM_B,M259-24
IM_B,M263-24
IM_B,M267-24
DTI_A,BA038-24
DTI_A,H008-24
DTI_A,H031-24
DTI_A,IPM005-21
DTI_A,IPM050-21
DTI_A,M016-24
DTI_A,M046-24
DTI_A,M102-24
DTI_A,M122-24
DTI_A,M124-24
DTI_A,M125-24
DTI_A,M129-24
DTI_A,M131-24
DTI_A,M133-24
DTI_A,M145-24
DTI_A,M147-24
DTI_A,M151-24
DTI_A,M164-24
DTI_A,M171-23
DTI_A,M182-24
DTI_A,M215-24
DTI_A,M227-24
DTI_A,M229-24
DTI_A,M240-24
DTI_A,M244-23
DTI_A,M256-24
DTI_A,BA002-24
DTI_A,BA011-24
DTI_A,H058-24
DTI_A,H083-23
DTI_A,IPM022-21
DTI_A,IPM029-21
DTI_A,IPM093-21
DTI_A,IPM110-21
DTI_A,M005-24
DTI_A,M007-24
DTI_A,M010-24
DTI_A,M034-23
DTI_A,M037-24
DTI_A,M055-24
DTI_A,M060-24
DTI_A,M066-24
DTI_A,M110-24
DTI_A,M116-24
DTI_A,M127-24
DTI_A,M137-24
DTI_A,M153-24
DTI_A,M191-24
DTI_A,M195-24
DTI_A,M231-24
DTI_A,M234-24
DTI_A,M247-24
DTI_A,M270-24
DTI_B,BA008-24
DTI_B,BA019-24
DTI_B,IPM013-21
DTI_B,IPM041-21
DTI_B,IPM061-21
DTI_B,IPM070-21
DTI_B,IPM088-21
DTI_B,IPM117-21
DTI_B,M011-24
DTI_B,M031-24
DTI_B,M045-24
DTI_B,M051-24
DTI_B,M067-24
DTI_B,M073-24
DTI_B,M144-24
DTI_B,M150-24
DTI_B,M152-24
DTI_B,M157-24
DTI_B,M163-24
DTI_B,M186-23
DTI_B,M196-24
DTI_B,M208-23
DTI_B,M209-24
DTI_B,M228-24
DTI_B,M230-24
DTI_B,M239-24
DTI_B,M265-24
DTI_B,BA006-24
DTI_B,IPM034-21
DTI_B,IPM039-21
DTI_B,IPM102-21
DTI_B,M013-24
DTI_B,M040-23
DTI_B,M047-24
DTI_B,M063-24
DTI_B,M089-24
DTI_B,M128-24
DTI_B,M130-24
DTI_B,M132-24
DTI_B,M142-24
DTI_B,M146-24
DTI_B,M168-24
DTI_B,M171-24
DTI_B,M177-24
DTI_B,M184-24
DTI_B,M190-24
DTI_B,M232-24
DTI_B,M248-24
DTI_B,M255-24
DTI_B,M269-24
EMPP_A,H001-24
EMPP_A,H003-24
EMPP_A,H006-24
EMPP_A,H008-24
EMPP_A,H012-24
EMPP_A,H015-24
EMPP_A,H017-24
EMPP_A,H023-24
EMPP_A,H026-24
EMPP_A,H028-24
EMPP_A,H034-24
EMPP_A,H036-24
EMPP_A,H038-24
EMPP_A,H044-24
EMPP_A,H049-24
EMPP_A,H053-24
EMPP_A,H056-24
EMPP_A,H072-23
EMPP_A,IPM022-21
EMPP_A,M014-24
EMPP_A,M034-23
EMPP_A,M076-24
EMPP_A,M107-24
EMPP_A,M137-24
EMPP_A,M244-23
EMPP_A,M270-24
EMPP_A,H004-24
EMPP_A,H010-24
EMPP_A,H019-24
EMPP_A,H021-24
EMPP_A,H030-23
EMPP_A,H031-24
EMPP_A,H040-24
EMPP_A,H042-24
EMPP_A,H046-24
EMPP_A,H048-24
EMPP_A,H051-24
EMPP_A,H058-24
EMPP_A,H083-23
EMPP_A,IPM008-21
EMPP_A,M083-24
EMPP_A,M124-24
EMPP_A,M127-24
EMPP_A,M151-24
EMPP_A,M171-23
EMPP_A,M193-24
EMPP_A,M213-24
EMPP_B,H005-24
EMPP_B,H009-24
EMPP_B,H011-24
EMPP_B,H018-24
EMPP_B,H020-24
EMPP_B,H022-24
EMPP_B,H030-24
EMPP_B,H032-24
EMPP_B,H039-24
EMPP_B,H047-24
EMPP_B,H049-23
EMPP_B,H055-24
EMPP_B,H057-24
EMPP_B,H077-23
EMPP_B,IPM013-21
EMPP_B,IPM107-21
EMPP_B,M019-24
EMPP_B,M026-24
EMPP_B,M038-24
EMPP_B,M049-23
EMPP_B,M082-24
EMPP_B,M125-23
EMPP_B,M130-24
EMPP_B,M136-24
EMPP_B,M190-24
EMPP_B,M200-23
EMPP_B,M208-23
EMPP_B,M211-24
EMPP_B,BA012-24
EMPP_B,H002-24
EMPP_B,H004-23
EMPP_B,H007-24
EMPP_B,H014-24
EMPP_B,H016-24
EMPP_B,H025-24
EMPP_B,H027-24
EMPP_B,H029-24
EMPP_B,H035-24
EMPP_B,H037-24
EMPP_B,H041-24
EMPP_B,H043-24
EMPP_B,H045-24
EMPP_B,H050-24
EMPP_B,H052-24
EMPP_B,H059-24
EMPP_B,H085-23
EMPP_B,M071-24
EMPP_B,M144-24
EMPP_B,M149-23
EMPP_B,M165-24
PRI_A,BA002-24
PRI_A,IPM005-21
PRI_A,IPM020-21
PRI_A,IPM037-21
PRI_A,IPM043-21
PRI_A,IPM054-21
PRI_A,IPM087-21
PRI_A,IPM110-21
PRI_A,M048-24
PRI_A,M066-24
PRI_A,M079-24
PRI_A,M098-24
PRI_A,M105-24
PRI_A,M107-24
PRI_A,M110-24
PRI_A,M122-24
PRI_A,M137-24
PRI_A,M149-24
PRI_A,M162-24
PRI_A,M242-24
PRI_A,M270-24
PRI_A,BA004-23
PRI_A,BA049-24
PRI_A,IPM015-21
PRI_A,IPM022-21
PRI_A,IPM050-21
PRI_A,IPM056-21
PRI_A,IPM062-21
PRI_A,IPM067-21
PRI_A,IPM100-21
PRI_A,IPM116-21
PRI_A,IPM118-21
PRI_A,M030-24
PRI_A,M068-24
PRI_A,M076-24
PRI_A,M083-24
PRI_A,M102-24
PRI_A,M125-24
PRI_A,M155-24
PRI_A,M171-23
PRI_A,M191-24
PRI_A,M219-24
PRI_A,M221-24
PRI_A,M229-24
PRI_A,M240-24
PRI_A,M249-23
PRI_A,M262-24
PRI_B,BA010-24
PRI_B,BA021-24
PRI_B,BA041-24
PRI_B,IPM016-21
PRI_B,IPM021-21
PRI_B,IPM039-21
PRI_B,IPM051-21
PRI_B,IPM055-21
PRI_B,IPM057-21
PRI_B,IPM059-21
PRI_B,IPM080-21
PRI_B,IPM099-21
PRI_B,IPM128-21
PRI_B,M019-24
PRI_B,M033-24
PRI_B,M043-24
PRI_B,M058-24
PRI_B,M091-24
PRI_B,M097-24
PRI_B,M115-24
PRI_B,M118-24
PRI_B,M125-23
PRI_B,M140-24
PRI_B,M142-24
PRI_B,M154-24
PRI_B,M200-23
PRI_B,M211-24
PRI_B,M222-24
PRI_B,M230-24
PRI_B,M239-24
PRI_B,M259-24
PRI_B,M261-24
PRI_B,BA019-24
PRI_B,BA048-24
PRI_B,IPM094-21
PRI_B,IPM107-21
PRI_B,M004-24
PRI_B,M067-24
PRI_B,M071-24
PRI_B,M111-24
PRI_B,M123-24
PRI_B,M173-24
PRI_B,M175-24
PRI_B,M192-24
PRI_B,M196-24
PRI_B,M203-24
PRI_B,M220-24
PRI_B,M255-24
PRI_B,M265-24
DMPA_A,BA002-24
DMPA_A,BA015-24
DMPA_A,BA020-24
DMPA_A,BA022-24
DMPA_A,BA024-24
DMPA_A,BA029-24
DMPA_A,BA033-24
DMPA_A,BA051-24
DMPA_A,IPM011-21
DMPA_A,IPM040-21
DMPA_A,IPM052-21
DMPA_A,IPM087-21
DMPA_A,IPM118-21
DMPA_A,M012-24
DMPA_A,M027-24
DMPA_A,M064-24
DMPA_A,M070-24
DMPA_A,M104-24
DMPA_A,M112-24
DMPA_A,M139-24
DMPA_A,M153-24
DMPA_A,M155-24
DMPA_A,M197-24
DMPA_A,M260-24
DMPA_A,BA005-24
DMPA_A,BA007-24
DMPA_A,BA011-24
DMPA_A,BA013-24
DMPA_A,BA018-24
DMPA_A,BA031-24
DMPA_A,BA036-24
DMPA_A,BA038-24
DMPA_A,BA040-24
DMPA_A,BA042-24
DMPA_A,BA047-24
DMPA_A,BA049-24
DMPA_A,BA054-24
DMPA_A,IPM029-21
DMPA_A,IPM033-21
DMPA_A,IPM056-21
DMPA_A,IPM058-21
DMPA_A,IPM062-21
DMPA_A,IPM067-21
DMPA_A,IPM073-21
DMPA_A,IPM093-21
DMPA_A,IPM123-21
DMPA_A,M007-24
DMPA_A,M060-24
DMPA_A,M102-24
DMPA_A,M143-24
DMPA_A,M166-24
DMPA_B,BA003-24
DMPA_B,BA004-24
DMPA_B,BA008-24
DMPA_B,BA010-24
DMPA_B,BA012-24
DMPA_B,BA017-24
DMPA_B,BA023-24
DMPA_B,BA025-24
DMPA_B,BA028-24
DMPA_B,BA030-24
DMPA_B,BA037-24
DMPA_B,BA041-24
DMPA_B,BA043-24
DMPA_B,BA050-24
DMPA_B,IPM009-21
DMPA_B,IPM032-21
DMPA_B,IPM063-21
DMPA_B,M036-24
DMPA_B,M038-24
DMPA_B,M065-24
DMPA_B,M084-24
DMPA_B,M246-24
DMPA_B,BA006-24
DMPA_B,BA014-24
DMPA_B,BA019-24
DMPA_B,BA021-24
DMPA_B,BA032-24
DMPA_B,BA035-24
DMPA_B,BA039-24
DMPA_B,BA048-24
DMPA_B,BA052-24
DMPA_B,BA055-24
DMPA_B,IPM006-21
DMPA_B,IPM021-21
DMPA_B,IPM078-21
DMPA_B,IPM085-21
DMPA_B,IPM115-21
DMPA_B,M004-24
DMPA_B,M026-24
DMPA_B,M056-24
DMPA_B,M154-24
DMPA_B,M198-24
PM_A,BA002-24
PM_A,BA011-24
PM_A,BA015-24
PM_A,BA022-24
PM_A,BA038-24
PM_A,BA040-24
PM_A,H006-24
PM_A,IPM050-21
PM_A,IPM062-21
PM_A,M042-24
PM_A,M070-24
PM_A,M098-24
PM_A,M143-24
PM_A,M149-24
PM_A,M153-24
PM_A,M169-24
PM_A,M197-24
PM_A,M206-24
PM_A,M208-24
PM_A,M249-23
PM_A,BA005-24
PM_A,BA013-24
PM_A,BA020-24
PM_A,BA029-24
PM_A,BA049-24
PM_A,BA054-24
PM_A,H021-24
PM_A,H044-24
PM_A,IPM017-21
PM_A,IPM081-21
PM_A,IPM100-21
PM_A,M001-24
PM_A,M025-24
PM_A,M027-24
PM_A,M044-24
PM_A,M068-24
PM_A,M139-24
PM_A,M166-24
PM_A,M178-24
PM_A,M186-24
PM_A,M200-24
PM_A,M202-24
PM_A,M204-24
PM_A,M210-24
PM_A,M238-24
PM_A,M264-24
PM_B,BA023-24
PM_B,BA043-24
PM_B,H014-24
PM_B,IPM044-21
PM_B,IPM128-21
PM_B,M004-24
PM_B,M017-24
PM_B,M019-24
PM_B,M031-24
PM_B,M067-24
PM_B,M069-24
PM_B,M077-24
PM_B,M084-24
PM_B,M103-24
PM_B,M134-24
PM_B,M173-24
PM_B,M205-24
PM_B,M214-24
PM_B,M216-24
PM_B,M218-24
PM_B,M224-24
PM_B,M230-24
PM_B,M239-24
PM_B,BA004-24
PM_B,BA010-24
PM_B,BA014-24
PM_B,BA021-24
PM_B,BA055-24
PM_B,H016-24
PM_B,H027-24
PM_B,IPM006-21
PM_B,IPM055-21
PM_B,IPM107-21
PM_B,M006-24
PM_B,M026-24
PM_B,M043-24
PM_B,M099-23
PM_B,M105-23
PM_B,M140-24
PM_B,M142-24
PM_B,M171-24
PM_B,M177-24
PM_B,M180-24
PM_B,M196-24
PM_B,M269-24
PM_B,M271-24
SCM_A,BA011-24
SCM_A,BA013-24
SCM_A,BA049-24
SCM_A,IPM017-21
SCM_A,IPM050-21
SCM_A,IPM081-21
SCM_A,M042-24
SCM_A,M055-24
SCM_A,M112-24
SCM_A,M143-24
SCM_A,M153-24
SCM_A,M162-24
SCM_A,M166-24
SCM_A,M169-24
SCM_A,M186-24
SCM_A,M197-24
SCM_A,M202-24
SCM_A,BA005-24
SCM_A,BA029-24
SCM_A,M025-24
SCM_A,M044-24
SCM_A,M048-24
SCM_A,M049-24
SCM_A,M098-24
SCM_A,M105-24
SCM_A,M110-24
SCM_A,M139-24
SCM_A,M145-24
SCM_A,M149-24
SCM_A,M178-24
SCM_A,M200-24
SCM_A,M204-24
SCM_A,M206-24
SCM_A,M231-24
SCM_A,M234-24
SCM_A,M238-24
SCM_A,M240-24
SCM_A,M242-24
SCM_A,M254-24
SCM_A,M260-24
SCM_A,M264-24
SCM_B,BA023-24
SCM_B,IPM044-21
SCM_B,IPM055-21
SCM_B,M034-24
SCM_B,M040-23
SCM_B,M041-24
SCM_B,M084-24
SCM_B,M101-24
SCM_B,M121-24
SCM_B,M123-24
SCM_B,M142-24
SCM_B,M163-24
SCM_B,M173-24
SCM_B,M211-24
SCM_B,M214-24
SCM_B,M218-24
SCM_B,M235-24
SCM_B,M253-24
SCM_B,M263-24
SCM_B,BA021-24
SCM_B,BA055-24
SCM_B,IPM107-21
SCM_B,IPM115-21
SCM_B,IPM128-21
SCM_B,M022-24
SCM_B,M043-24
SCM_B,M045-24
SCM_B,M069-24
SCM_B,M077-24
SCM_B,M099-23
SCM_B,M103-24
SCM_B,M105-23
SCM_B,M134-24
SCM_B,M140-24
SCM_B,M216-24
SCM_B,M224-24
SCM_B,M232-24
SCM_B,M244-24
SCM_B,M248-24
SCM_B,M269-24
SCM_B,M271-24
DRV_A,IPM029-21
DRV_A,IPM033-21
DRV_A,IPM043-21
DRV_A,IPM054-21
DRV_A,IPM060-21
DRV_A,IPM071-21
DRV_A,IPM073-21
DRV_A,IPM087-21
DRV_A,IPM093-21
DRV_A,IPM114-21
DRV_A,M005-24
DRV_A,M007-24
DRV_A,M018-24
DRV_A,M032-24
DRV_A,M035-24
DRV_A,M037-24
DRV_A,M039-24
DRV_A,M040-24
DRV_A,M052-24
DRV_A,M060-24
DRV_A,M064-24
DRV_A,M074-24
DRV_A,M085-24
DRV_A,M093-24
DRV_A,M104-24
DRV_A,M120-24
DRV_A,M131-24
DRV_A,M135-24
DRV_A,M162-24
DRV_A,M172-24
DRV_A,M174-24
DRV_A,M185-24
DRV_A,M189-24
DRV_A,M195-24
DRV_A,M202-24
DRV_A,M236-24
DRV_A,M250-24
DRV_A,M254-24
DRV_A,M268-24
DRV_B,IPM013-21
DRV_B,IPM018-21
DRV_B,IPM032-21
DRV_B,IPM072-21
DRV_B,IPM076-21
DRV_B,IPM085-21
DRV_B,IPM112-21
DRV_B,IPM115-21
DRV_B,M010-23
DRV_B,M024-24
DRV_B,M047-24
DRV_B,M056-24
DRV_B,M058-24
DRV_B,M077-24
DRV_B,M106-24
DRV_B,M108-24
DRV_B,M113-24
DRV_B,M115-24
DRV_B,M138-24
DRV_B,M140-24
DRV_B,M161-24
DRV_B,M188-24
DRV_B,M194-24
DRV_B,M218-24
DRV_B,M222-24
DRV_B,M224-24
DRV_B,M226-24
DRV_B,M241-24
DRV_B,M243-24
DRV_B,M244-24
DRV_B,M257-24
DRV_B,M259-24
DRV_B,M271-24
ODC_A,H001-24
ODC_A,H003-24
ODC_A,H004-24
ODC_A,H006-24
ODC_A,H008-24
ODC_A,H010-24
ODC_A,H012-24
ODC_A,H015-24
ODC_A,H017-24
ODC_A,H019-24
ODC_A,H021-24
ODC_A,H023-24
ODC_A,H026-24
ODC_A,H028-24
ODC_A,H030-23
ODC_A,H031-24
ODC_A,H034-24
ODC_A,H036-24
ODC_A,H038-24
ODC_A,H040-24
ODC_A,H042-24
ODC_A,H044-24
ODC_A,H046-24
ODC_A,H048-24
ODC_A,H049-24
ODC_A,H051-24
ODC_A,H053-24
ODC_A,H056-24
ODC_A,H058-24
ODC_A,H072-23
ODC_A,H083-23
ODC_A,M076-24
ODC_A,M236-24
ODC_B,H002-24
ODC_B,H004-23
ODC_B,H005-24
ODC_B,H007-24
ODC_B,H009-24
ODC_B,H011-24
ODC_B,H014-24
ODC_B,H016-24
ODC_B,H018-24
ODC_B,H020-24
ODC_B,H022-24
ODC_B,H025-24
ODC_B,H027-24
ODC_B,H029-24
ODC_B,H030-24
ODC_B,H032-24
ODC_B,H035-24
ODC_B,H037-24
ODC_B,H039-24
ODC_B,H041-24
ODC_B,H043-24
ODC_B,H045-24
ODC_B,H047-24
ODC_B,H049-23
ODC_B,H050-24
ODC_B,H052-24
ODC_B,H055-24
ODC_B,H057-24
ODC_B,H059-24
ODC_B,H077-23
ODC_B,H085-23
ODC_B,IPM080-21
ODC_B,M011-24
ODC_B,M058-24
ODC_B,M111-24
ODC_B,M146-24
ODC_B,M165-24
ODC_B,M201-24
DWDV_A,BA004-23
DWDV_A,BA004-24
DWDV_A,BA006-24
DWDV_A,BA007-24
DWDV_A,BA009-24
DWDV_A,BA014-24
DWDV_A,BA015-24
DWDV_A,BA017-24
DWDV_A,BA023-24
DWDV_A,BA024-24
DWDV_A,BA025-24
DWDV_A,BA026-24
DWDV_A,BA028-24
DWDV_A,BA029-24
DWDV_A,BA030-24
DWDV_A,BA031-24
DWDV_A,BA033-24
DWDV_A,BA035-24
DWDV_A,BA036-24
DWDV_A,BA037-24
DWDV_A,BA041-24
DWDV_A,BA042-24
DWDV_A,BA043-24
DWDV_A,BA046-24
DWDV_A,BA047-24
DWDV_A,BA050-24
DWDV_A,BA051-24
DWDV_A,BA052-24
DWDV_A,BA054-24
DWDV_A,BA055-24
DWDV_A,IPM003-21
DWDV_A,IPM044-21
DWDV_A,IPM056-21
DWDV_A,IPM058-21
DWDV_A,IPM070-21
DWDV_A,IPM076-21
DWDV_A,IPM081-21
DWDV_A,IPM114-21
DWDV_A,IPM117-21
DWDV_A,IPM118-21
DWDV_A,M012-24
DWDV_A,M017-24
DWDV_A,M020-24
DWDV_A,M025-24
DWDV_A,M026-24
DWDV_A,M027-24
DWDV_A,M029-24
DWDV_A,M036-24
DWDV_A,M040-23
DWDV_A,M070-24
DWDV_A,M074-24
DWDV_A,M075-24
DWDV_A,M097-24
DWDV_A,M099-24
DWDV_A,M112-24
DWDV_A,M133-24
DWDV_A,M139-24
DWDV_A,M143-24
DWDV_A,M153-24
DWDV_A,M163-24
DWDV_A,M166-24
DWDV_A,M174-24
DWDV_A,M188-24
DWDV_A,M197-24
DWDV_A,M214-24
DWDV_A,M220-24
DWDV_A,M223-24
DWDV_A,M246-24
DWDV_A,M262-24
DWDV_A,M269-24
REE_A,BA005-24
REE_A,H001-24
REE_A,H002-24
REE_A,H003-24
REE_A,H004-23
REE_A,H004-24
REE_A,H005-24
REE_A,H006-24
REE_A,H007-24
REE_A,H008-24
REE_A,H009-24
REE_A,H010-24
REE_A,H011-24
REE_A,H012-24
REE_A,H014-24
REE_A,H015-24
REE_A,H016-24
REE_A,H017-24
REE_A,H018-24
REE_A,H019-24
REE_A,H020-24
REE_A,H021-24
REE_A,H022-24
REE_A,H023-24
REE_A,H025-24
REE_A,H026-24
REE_A,H027-24
REE_A,H028-24
REE_A,H029-24
REE_A,H030-23
REE_A,H030-24
REE_A,H031-24
REE_A,H032-24
REE_A,H034-24
REE_A,H035-24
REE_A,H036-24
REE_A,H037-24
REE_A,H038-24
REE_A,H039-24
REE_A,H040-24
REE_A,H041-24
REE_A,H042-24
REE_A,H043-24
REE_A,H044-24
REE_A,H045-24
REE_A,H046-24
REE_A,H047-24
REE_A,H048-24
REE_A,H049-23
REE_A,H049-24
REE_A,H050-24
REE_A,H051-24
REE_A,H052-24
REE_A,H053-24
REE_A,H055-24
REE_A,H056-24
REE_A,H057-24
REE_A,H058-24
REE_A,H059-24
REE_A,H072-23
REE_A,H077-23
REE_A,H083-23
REE_A,H085-23
REE_A,IPM059-21
REE_A,M001-24
REE_A,M170-24
REE_A,M193-24
REE_A,M210-24
REE_A,M234-24
NCM_A,H001-24
NCM_A,H002-24
NCM_A,H003-24
NCM_A,H004-23
NCM_A,H004-24
NCM_A,H005-24
NCM_A,H006-24
NCM_A,H007-24
NCM_A,H008-24
NCM_A,H009-24
NCM_A,H010-24
NCM_A,H011-24
NCM_A,H012-24
NCM_A,H014-24
NCM_A,H015-24
NCM_A,H016-24
NCM_A,H017-24
NCM_A,H018-24
NCM_A,H019-24
NCM_A,H020-24
NCM_A,H021-24
NCM_A,H022-24
NCM_A,H023-24
NCM_A,H025-24
NCM_A,H026-24
NCM_A,H027-24
NCM_A,H028-24
NCM_A,H029-24
NCM_A,H030-23
NCM_A,H030-24
NCM_A,H031-24
NCM_A,H032-24
NCM_A,H034-24
NCM_A,H035-24
NCM_A,H036-24
NCM_A,H037-24
NCM_A,H038-24
NCM_A,H039-24
NCM_A,H040-24
NCM_A,H041-24
NCM_A,H042-24
NCM_A,H043-24
NCM_A,H044-24
NCM_A,H045-24
NCM_A,H046-24
NCM_A,H047-24
NCM_A,H048-24
NCM_A,H049-23
NCM_A,H049-24
NCM_A,H050-24
NCM_A,H051-24
NCM_A,H052-24
NCM_A,H053-24
NCM_A,H055-24
NCM_A,H056-24
NCM_A,H057-24
NCM_A,H058-24
NCM_A,H059-24
NCM_A,H072-23
NCM_A,H077-23
NCM_A,H083-23
NCM_A,H085-23
NCM_A,M012-24
NCM_A,M036-24
NCM_A,M049-23
NCM_A,M122-24
NCM_A,M125-24
NCM_A,M174-24
GMRM_A,H001-24
GMRM_A,H002-24
GMRM_A,H003-24
GMRM_A,H004-23
GMRM_A,H004-24
GMRM_A,H005-24
GMRM_A,H006-24
GMRM_A,H007-24
GMRM_A,H008-24
GMRM_A,H009-24
GMRM_A,H010-24
GMRM_A,H011-24
GMRM_A,H012-24
GMRM_A,H014-24
GMRM_A,H015-24
GMRM_A,H016-24
GMRM_A,H017-24
GMRM_A,H018-24
GMRM_A,H019-24
GMRM_A,H020-24
GMRM_A,H021-24
GMRM_A,H022-24
GMRM_A,H023-24
GMRM_A,H025-24
GMRM_A,H026-24
GMRM_A,H027-24
GMRM_A,H028-24
GMRM_A,H029-24
GMRM_A,H030-23
GMRM_A,H030-24
GMRM_A,H031-24
GMRM_A,H032-24
GMRM_A,H034-24
GMRM_A,H035-24
GMRM_A,H036-24
GMRM_A,H037-24
GMRM_A,H038-24
GMRM_A,H039-24
GMRM_A,H040-24
GMRM_A,H041-24
GMRM_A,H042-24
GMRM_A,H043-24
GMRM_A,H044-24
GMRM_A,H045-24
GMRM_A,H046-24
GMRM_A,H047-24
GMRM_A,H048-24
GMRM_A,H049-23
GMRM_A,H049-24
GMRM_A,H050-24
GMRM_A,H051-24
GMRM_A,H052-24
GMRM_A,H053-24
GMRM_A,H055-24
GMRM_A,H056-24
GMRM_A,H057-24
GMRM_A,H058-24
GMRM_A,H059-24
GMRM_A,H072-23
GMRM_A,H077-23
GMRM_A,H083-23
GMRM_A,H085-23
GMRM_A,IPM005-21
GMRM_A,M146-24
GMRM_A,M193-24
GMRM_A,M209-24
SMTI_A,BA004-23
SMTI_A,BA006-24
SMTI_A,BA008-24
SMTI_A,H002-24
SMTI_A,H056-24
SMTI_A,H077-23
SMTI_A,IPM002-21
SMTI_A,IPM008-21
SMTI_A,IPM016-21
SMTI_A,IPM023-21
SMTI_A,IPM052-21
SMTI_A,IPM057-21
SMTI_A,IPM059-21
SMTI_A,IPM061-21
SMTI_A,IPM063-21
SMTI_A,IPM067-21
SMTI_A,IPM077-21
SMTI_A,IPM105-21
SMTI_A,IPM110-21
SMTI_A,IPM122-21
SMTI_A,IPM123-21
SMTI_A,M005-24
SMTI_A,M010-24
SMTI_A,M033-24
SMTI_A,M049-23
SMTI_A,M053-24
SMTI_A,M066-24
SMTI_A,M073-24
SMTI_A,M075-24
SMTI_A,M091-24
SMTI_A,M095-24
SMTI_A,M097-24
SMTI_A,M103-24
SMTI_A,M105-24
SMTI_A,M107-24
SMTI_A,M108-24
SMTI_A,M110-24
SMTI_A,M114-24
SMTI_A,M124-24
SMTI_A,M126-24
SMTI_A,M127-24
SMTI_A,M128-24
SMTI_A,M130-24
SMTI_A,M134-24
SMTI_A,M144-24
SMTI_A,M146-24
SMTI_A,M149-23
SMTI_A,M150-24
SMTI_A,M159-24
SMTI_A,M164-24
SMTI_A,M169-24
SMTI_A,M186-24
SMTI_A,M191-24
SMTI_A,M192-24
SMTI_A,M193-24
SMTI_A,M200-24
SMTI_A,M202-24
SMTI_A,M206-24
SMTI_A,M228-24
SMTI_A,M229-24
SMTI_A,M230-24
SMTI_A,M231-24
SMTI_A,M256-24
SMTI_A,M264-24
BV_A,IPM013-21
BV_A,IPM017-21
BV_A,IPM018-21
BV_A,IPM021-21
BV_A,IPM032-21
BV_A,IPM043-21
BV_A,IPM048-21
BV_A,IPM053-21
BV_A,IPM054-21
BV_A,IPM058-21
BV_A,IPM062-21
BV_A,IPM072-21
BV_A,IPM073-21
BV_A,IPM076-21
BV_A,IPM077-21
BV_A,IPM085-21
BV_A,IPM087-21
BV_A,IPM093-21
BV_A,IPM105-21
BV_A,IPM112-21
BV_A,IPM115-21
BV_A,IPM116-21
BV_A,M007-24
BV_A,M018-24
BV_A,M030-24
BV_A,M032-24
BV_A,M037-24
BV_A,M039-24
BV_A,M056-24
BV_A,M064-24
BV_A,M072-24
BV_A,M077-24
BV_A,M079-24
BV_A,M083-24
BV_A,M090-24
BV_A,M093-24
BV_A,M104-24
BV_A,M106-24
BV_A,M108-24
BV_A,M172-24
BV_A,M193-24
BV_A,M201-24
BV_A,M202-24
BV_A,M203-24
BV_A,M236-24
BV_A,M237-24
BV_A,M244-24
BV_A,M245-24
BV_A,M250-24
BV_A,M257-24
BV_A,M263-24
BV_A,M266-24
BV_A,M271-24
BMS_A,BA009-24
BMS_A,BA032-24
BMS_A,BA044-24
BMS_A,H030-24
BMS_A,IPM002-21
BMS_A,IPM020-21
BMS_A,IPM022-21
BMS_A,IPM029-21
BMS_A,IPM034-21
BMS_A,IPM037-21
BMS_A,IPM051-21
BMS_A,IPM059-21
BMS_A,IPM062-21
BMS_A,IPM093-21
BMS_A,IPM099-21
BMS_A,M010-24
BMS_A,M013-24
BMS_A,M019-24
BMS_A,M023-24
BMS_A,M026-24
BMS_A,M033-24
BMS_A,M040-24
BMS_A,M049-24
BMS_A,M055-24
BMS_A,M060-24
BMS_A,M069-24
BMS_A,M076-24
BMS_A,M082-24
BMS_A,M091-24
BMS_A,M096-24
BMS_A,M101-24
BMS_A,M118-24
BMS_A,M121-24
BMS_A,M125-23
BMS_A,M126-24
BMS_A,M136-24
BMS_A,M137-24
BMS_A,M145-24
BMS_A,M154-24
BMS_A,M159-24
BMS_A,M161-24
BMS_A,M172-24
BMS_A,M192-24
BMS_A,M200-23
BMS_A,M226-24
BMS_A,M238-24
BMS_A,M249-24
BMS_A,M253-24
